AnalysisScope,Outcome,SourceField,Metric,Model,Adjusted,Demographics,CasePolicy,N,PositiveN,NegativeN,PerformanceName,Performance,CI_lower,CI_upper,Lambda,p_raw,AIC,SubjectIDSetSHA256,Status,Blocker
matched_manuscript_case,EDSS,EDSS,T1,Whole brain,0,none,joint tract+classical complete-case MS cohort,80,39,41,apparent AUC,0.572649685971628,0.446537745879851,0.696892884316385,0.0449843266896945,0.158472752732533,112.743450852799,29b34611ecebe2f5e28613f90b3248d73624825a1971d10b914d5c63fbcf90c1,COMPLETED,
matched_manuscript_case,MSPro,MSPro,T1,Whole brain,0,none,joint tract+classical complete-case MS cohort,79,39,40,apparent AUC,0.511344842317614,0.380953090836812,0.640221987315011,1e-06,0.548876234808715,113.141464346646,19b3e9fd15ae969360c92bcdd19bb0b94e5d8b16dd9141a3d8b8a9674cdabeae,COMPLETED,
matched_manuscript_case,T25FW,T25FW,T1,Whole brain,0,none,joint tract+classical complete-case MS cohort,76,NaN,NaN,apparent R2,0.0671937496720421,NaN,NaN,0.123284673944207,0.023749749888815,83.6302102535066,0e6f0e722792f369cf168d679a0d66688160cb1e2f2044f21a1d307bf8957cf3,COMPLETED,
matched_manuscript_case,9HPT-D,x9HPTD,T1,Whole brain,0,none,joint tract+classical complete-case MS cohort,79,NaN,NaN,apparent R2,0.0128803793508327,NaN,NaN,0.497702356433211,0.319308188777811,4.43768066594858,3d339e755b1d9b589877fc3c57630d3f15b40d092fee4f78f4d53fc18b9eb2c3,COMPLETED,
matched_manuscript_case,9HPT-ND,x9HPTND,T1,Whole brain,0,none,joint tract+classical complete-case MS cohort,79,NaN,NaN,apparent R2,0.0876995136584974,NaN,NaN,0.215443469003188,0.00805088814832005,27.8171911716327,3c8c5b53c0e487533fd8000fda04b2c3e40803f3a0625e2913e11c8233e544aa,COMPLETED,
matched_manuscript_case,EDSS,EDSS,MTR,Whole brain,0,none,joint tract+classical complete-case MS cohort,80,39,41,apparent AUC,0.666730463060868,0.538702467001886,0.785580161076474,0.138949549437314,0.0134823583888581,107.828550817556,29b34611ecebe2f5e28613f90b3248d73624825a1971d10b914d5c63fbcf90c1,COMPLETED,
matched_manuscript_case,MSPro,MSPro,MTR,Whole brain,0,none,joint tract+classical complete-case MS cohort,79,39,40,apparent AUC,0.655245323246222,0.529026868521549,0.771529598551421,1.32571136559011,0.0196731076068695,107.310876407384,19b3e9fd15ae969360c92bcdd19bb0b94e5d8b16dd9141a3d8b8a9674cdabeae,COMPLETED,
matched_manuscript_case,T25FW,T25FW,MTR,Whole brain,0,none,joint tract+classical complete-case MS cohort,76,NaN,NaN,apparent R2,0.169102828614168,NaN,NaN,0.0231012970008316,0.000224079393658693,74.8376585490863,0e6f0e722792f369cf168d679a0d66688160cb1e2f2044f21a1d307bf8957cf3,COMPLETED,
matched_manuscript_case,9HPT-D,x9HPTD,MTR,Whole brain,0,none,joint tract+classical complete-case MS cohort,79,NaN,NaN,apparent R2,0.0393078407973821,NaN,NaN,0.215443469003188,0.0798536172282422,2.29384151413488,3d339e755b1d9b589877fc3c57630d3f15b40d092fee4f78f4d53fc18b9eb2c3,COMPLETED,
matched_manuscript_case,9HPT-ND,x9HPTND,MTR,Whole brain,0,none,joint tract+classical complete-case MS cohort,79,NaN,NaN,apparent R2,0.15102760705602,NaN,NaN,0.123284673944207,0.000401194324017777,22.1337140948509,3c8c5b53c0e487533fd8000fda04b2c3e40803f3a0625e2913e11c8233e544aa,COMPLETED,
matched_manuscript_case,EDSS,EDSS,FA,Whole brain,0,none,joint tract+classical complete-case MS cohort,79,39,40,apparent AUC,0.756828546017344,0.637039312039312,0.859756097560976,0.079060432109077,0.00184436769840489,99.5584224947935,25bd4f09525df2d10ad809b0d139f1b83ba897def66ff3036aa6420156e40615,COMPLETED,
matched_manuscript_case,MSPro,MSPro,FA,Whole brain,0,none,joint tract+classical complete-case MS cohort,78,39,39,apparent AUC,0.637475891326371,0.514415166281682,0.757405334328411,1e-06,0.0653337578880603,108.329243523356,1e6bf77e43daa1f31095d58ad0edc1918e05bccdee0f6c461bfac9ee100c614d,COMPLETED,
matched_manuscript_case,T25FW,T25FW,FA,Whole brain,0,none,joint tract+classical complete-case MS cohort,75,NaN,NaN,apparent R2,0.151956957750245,NaN,NaN,0.123284673944207,0.000546137369291768,76.089477071422,73d0261e629f263f41ade37b8526b14fb9aa3c1922dd6cd4caa85edd4fc53d22,COMPLETED,
matched_manuscript_case,9HPT-D,x9HPTD,FA,Whole brain,0,none,joint tract+classical complete-case MS cohort,78,NaN,NaN,apparent R2,0.106550673097809,NaN,NaN,0.093260334688322,0.00353788187933831,-4.60615740998985,b486aa289d92b3c20ea975ebc64c1a5c43f4b1e031de824cafe5f1927fa11467,COMPLETED,
matched_manuscript_case,9HPT-ND,x9HPTND,FA,Whole brain,0,none,joint tract+classical complete-case MS cohort,78,NaN,NaN,apparent R2,0.230942411580398,NaN,NaN,0.093260334688322,8.46965699688708e-06,13.1979883469266,139f1ebd30b1002c2dd52b324158b8605ef185116b16998cdbf33101376da768,COMPLETED,
matched_manuscript_case,EDSS,EDSS,MD,Whole brain,0,none,joint tract+classical complete-case MS cohort,79,39,40,apparent AUC,0.805335508690882,0.703275665775666,0.892566680302529,1e-06,8.15402599834019e-05,88.2755548016843,25bd4f09525df2d10ad809b0d139f1b83ba897def66ff3036aa6420156e40615,COMPLETED,
matched_manuscript_case,MSPro,MSPro,MD,Whole brain,0,none,joint tract+classical complete-case MS cohort,78,39,39,apparent AUC,0.735226303426795,0.620973044049967,0.837792095931631,0.138949549437314,0.00162739391648712,98.9562266941806,1e6bf77e43daa1f31095d58ad0edc1918e05bccdee0f6c461bfac9ee100c614d,COMPLETED,
matched_manuscript_case,T25FW,T25FW,MD,Whole brain,0,none,joint tract+classical complete-case MS cohort,75,NaN,NaN,apparent R2,0.231511647235475,NaN,NaN,0.00327454916287773,1.24386163717347e-05,68.7015282103632,73d0261e629f263f41ade37b8526b14fb9aa3c1922dd6cd4caa85edd4fc53d22,COMPLETED,
matched_manuscript_case,9HPT-D,x9HPTD,MD,Whole brain,0,none,joint tract+classical complete-case MS cohort,78,NaN,NaN,apparent R2,0.0900137038047044,NaN,NaN,0.0705480231071864,0.00761386180080919,-3.17564362531223,b486aa289d92b3c20ea975ebc64c1a5c43f4b1e031de824cafe5f1927fa11467,COMPLETED,
matched_manuscript_case,9HPT-ND,x9HPTND,MD,Whole brain,0,none,joint tract+classical complete-case MS cohort,78,NaN,NaN,apparent R2,0.320759042513469,NaN,NaN,0.0305385550883342,6.49866180724863e-08,3.51117471231871,139f1ebd30b1002c2dd52b324158b8605ef185116b16998cdbf33101376da768,COMPLETED,
