Metric,Outcome,Adjusted,N,PositiveN,NegativeN,PerformanceName,MotorOnly,MotorOnly_CI_lower,MotorOnly_CI_upper,MotorOnly_AIC,StandardPlusMotor,StandardPlusMotor_CI_lower,StandardPlusMotor_CI_upper,StandardPlusMotor_AIC,MotorOnly_Status,StandardPlusMotor_Status
T1,EDSS,0,80,39,41,apparent AUC,0.759838979139373,0.64638432184468,0.861128439404106,99.0499364237214,0.95196971478773,0.905002525252525,0.987401513564304,48.6354645912673,COMPLETED,COMPLETED
T1,EDSS,1,80,39,41,apparent AUC,0.829182720146152,0.731699618132545,0.915546958951214,89.2494361191942,0.958810246140657,0.914351547070441,0.991067590801633,50.4591390436846,COMPLETED,COMPLETED
T1,MSPro,0,79,39,40,apparent AUC,0.617648377763931,0.48965718965719,0.739536791022745,110.750629623633,0.88483455066659,0.803647214854112,0.948586033310039,70.976374759023,COMPLETED,COMPLETED
T1,MSPro,1,79,39,40,apparent AUC,0.918452734738681,0.856454806454806,0.970430107526882,67.0942673786543,0.978171471629621,0.94702842377261,0.998074454428755,39.3209325393944,COMPLETED,COMPLETED
T1,T25FW,0,125,NaN,NaN,apparent R2,0.20057422382683,NaN,NaN,87.9802313442003,0.285549907711047,NaN,NaN,73.9326632107814,COMPLETED,COMPLETED
T1,T25FW,1,125,NaN,NaN,apparent R2,0.352667928039353,NaN,NaN,65.6009465262789,0.388210715190237,NaN,NaN,58.5420097444385,COMPLETED,COMPLETED
T1,9HPT-D,0,128,NaN,NaN,apparent R2,0.17408463419123,NaN,NaN,-37.7169174317063,0.271587256674063,NaN,NaN,-53.7968486846561,COMPLETED,COMPLETED
T1,9HPT-D,1,128,NaN,NaN,apparent R2,0.239798703010176,NaN,NaN,-44.3292749228803,0.295177600748582,NaN,NaN,-54.0108630892284,COMPLETED,COMPLETED
T1,9HPT-ND,0,128,NaN,NaN,apparent R2,0.274524568052082,NaN,NaN,-5.72487798515635,0.384170439042856,NaN,NaN,-26.6985700998305,COMPLETED,COMPLETED
T1,9HPT-ND,1,128,NaN,NaN,apparent R2,0.357564792214952,NaN,NaN,-17.2847167520969,0.43645440726047,NaN,NaN,-34.0549858905101,COMPLETED,COMPLETED
T1,SDMT,0,129,NaN,NaN,apparent R2,0.246259470033837,NaN,NaN,1002.56000756709,0.40972291733629,NaN,NaN,971.025167341551,COMPLETED,COMPLETED
T1,SDMT,1,129,NaN,NaN,apparent R2,0.434857759389296,NaN,NaN,969.411783227462,0.508196478922176,NaN,NaN,951.481020145498,COMPLETED,COMPLETED
T1,MSFC-SDMT,0,124,NaN,NaN,apparent R2,0.242784081670083,NaN,NaN,264.664302234188,0.39309425688478,NaN,NaN,237.226208941836,COMPLETED,COMPLETED
T1,MSFC-SDMT,1,124,NaN,NaN,apparent R2,0.401540602105304,NaN,NaN,239.488372141122,0.472023104423651,NaN,NaN,223.950408480779,COMPLETED,COMPLETED
MTR,EDSS,0,80,39,41,apparent AUC,0.781001998750051,0.674352159468439,0.877155287554997,92.991964524085,0.893746866471631,0.816072328140742,0.957751265855486,67.2401265222928,COMPLETED,COMPLETED
MTR,EDSS,1,80,39,41,apparent AUC,0.866522634998836,0.776802676405626,0.938426821405545,82.067870155392,0.906289517869108,0.832902410406066,0.964686383341496,68.6413264726931,COMPLETED,COMPLETED
MTR,MSPro,0,79,39,40,apparent AUC,0.714036445877748,0.600384697672888,0.823950477626948,101.404148365744,0.874629252579434,0.794871794871795,0.946114170513206,72.3305836165912,COMPLETED,COMPLETED
MTR,MSPro,1,79,39,40,apparent AUC,0.930304708515906,0.870944053296994,0.979394506307364,62.7371083840951,0.972672495343737,0.938185017596782,0.998358189429618,43.8881658727627,COMPLETED,COMPLETED
MTR,T25FW,0,125,NaN,NaN,apparent R2,0.220123451970426,NaN,NaN,84.8854744996051,0.300804967162873,NaN,NaN,71.2347351058318,COMPLETED,COMPLETED
MTR,T25FW,1,125,NaN,NaN,apparent R2,0.335716237378797,NaN,NaN,68.8321965160803,0.378268255678384,NaN,NaN,60.5571101352881,COMPLETED,COMPLETED
MTR,9HPT-D,0,128,NaN,NaN,apparent R2,0.189086054736754,NaN,NaN,-40.0632043438505,0.302504098290151,NaN,NaN,-59.3483628815131,COMPLETED,COMPLETED
MTR,9HPT-D,1,128,NaN,NaN,apparent R2,0.230129475894832,NaN,NaN,-42.7114717195773,0.307557339084959,NaN,NaN,-56.279076927307,COMPLETED,COMPLETED
MTR,9HPT-ND,0,128,NaN,NaN,apparent R2,0.342329979897184,NaN,NaN,-18.2847361361429,0.411924526592599,NaN,NaN,-32.6012827646722,COMPLETED,COMPLETED
MTR,9HPT-ND,1,128,NaN,NaN,apparent R2,0.400532519905155,NaN,NaN,-26.1454194490363,0.435056001799301,NaN,NaN,-33.7377548020054,COMPLETED,COMPLETED
MTR,SDMT,0,129,NaN,NaN,apparent R2,0.27216157912094,NaN,NaN,998.048992396467,0.410006515529623,NaN,NaN,970.963174492347,COMPLETED,COMPLETED
MTR,SDMT,1,129,NaN,NaN,apparent R2,0.422373590071071,NaN,NaN,972.230414824233,0.480836047746402,NaN,NaN,958.465137453328,COMPLETED,COMPLETED
MTR,MSFC-SDMT,0,124,NaN,NaN,apparent R2,0.289879612369149,NaN,NaN,256.701775406248,0.436614071602752,NaN,NaN,227.999540443607,COMPLETED,COMPLETED
MTR,MSFC-SDMT,1,124,NaN,NaN,apparent R2,0.405657895171755,NaN,NaN,238.632326325001,0.474697790707857,NaN,NaN,223.320638440498,COMPLETED,COMPLETED
FA,EDSS,0,79,39,40,apparent AUC,0.642159927367613,0.516187168063631,0.761060962846677,109.08596556349,0.900435275124618,0.821132128740824,0.961364699326308,68.3390579934184,COMPLETED,COMPLETED
FA,EDSS,1,79,39,40,apparent AUC,0.803479558957395,0.703651800327332,0.891779279279279,93.3877071162176,0.933965100353365,0.875971509111044,0.97746274127368,61.4924284430393,COMPLETED,COMPLETED
FA,MSPro,0,78,39,39,apparent AUC,0.574354525664844,0.45161281934265,0.700166112956811,110.983661917251,0.837602749123936,0.739973701512163,0.919638062154426,83.6686887458016,COMPLETED,COMPLETED
FA,MSPro,1,78,39,39,apparent AUC,0.913872453611371,0.838426711685685,0.969570707070707,68.2642624630596,0.958989635252576,0.911774608833432,0.992105263157895,50.8341165145636,COMPLETED,COMPLETED
FA,T25FW,0,125,NaN,NaN,apparent R2,0.116854527616276,NaN,NaN,100.429761939676,0.256513080296582,NaN,NaN,78.9124166843693,COMPLETED,COMPLETED
FA,T25FW,1,125,NaN,NaN,apparent R2,0.263668252887543,NaN,NaN,81.7036151412971,0.340811319991492,NaN,NaN,67.8697458408852,COMPLETED,COMPLETED
FA,9HPT-D,0,128,NaN,NaN,apparent R2,0.179270539860031,NaN,NaN,-38.5231606601136,0.288174120573718,NaN,NaN,-56.7452662871607,COMPLETED,COMPLETED
FA,9HPT-D,1,128,NaN,NaN,apparent R2,0.248088394719297,NaN,NaN,-45.7327298731272,0.32081747035005,NaN,NaN,-58.7540237172894,COMPLETED,COMPLETED
FA,9HPT-ND,0,128,NaN,NaN,apparent R2,0.168252718293405,NaN,NaN,11.7729061549994,0.437992563157647,NaN,NaN,-38.4048300510728,COMPLETED,COMPLETED
FA,9HPT-ND,1,128,NaN,NaN,apparent R2,0.282779543538358,NaN,NaN,-3.18970283490752,0.477263858497605,NaN,NaN,-43.6769267448593,COMPLETED,COMPLETED
FA,SDMT,0,129,NaN,NaN,apparent R2,0.181110382369659,NaN,NaN,1013.2542512333,0.435491135209282,NaN,NaN,965.26712707841,COMPLETED,COMPLETED
FA,SDMT,1,129,NaN,NaN,apparent R2,0.385162136084922,NaN,NaN,980.284050852848,0.515886007056934,NaN,NaN,949.448123627822,COMPLETED,COMPLETED
FA,MSFC-SDMT,0,124,NaN,NaN,apparent R2,0.162872945556715,NaN,NaN,277.104901651505,0.396164213243,NaN,NaN,236.597378766526,COMPLETED,COMPLETED
FA,MSFC-SDMT,1,124,NaN,NaN,apparent R2,0.322008662021057,NaN,NaN,254.960574948859,0.46287158854597,NaN,NaN,226.081307440084,COMPLETED,COMPLETED
MD,EDSS,0,79,39,40,apparent AUC,0.725744708383473,0.604449133518901,0.835160672660673,100.120608343238,0.870207116919094,0.785622593068036,0.942948717948718,75.3936372295851,COMPLETED,COMPLETED
MD,EDSS,1,79,39,40,apparent AUC,0.857994103541643,0.774421221147794,0.928759127362072,81.7076278387406,0.894916969996971,0.81968764249886,0.95702371548007,74.7959002130403,COMPLETED,COMPLETED
MD,MSPro,0,78,39,39,apparent AUC,0.596729497736499,0.471538830967451,0.717138490164806,109.571175409751,0.890179650720186,0.813289036544851,0.953056696974996,67.2938463159817,COMPLETED,COMPLETED
MD,MSPro,1,78,39,39,apparent AUC,0.925098689919712,0.860225694721553,0.974342105263158,64.6671331630924,0.963782366058227,0.915622940013184,0.996698571393693,47.5349427866904,COMPLETED,COMPLETED
MD,T25FW,0,125,NaN,NaN,apparent R2,0.221334567219769,NaN,NaN,84.6912039075975,0.378311019354892,NaN,NaN,56.5485121451496,COMPLETED,COMPLETED
MD,T25FW,1,125,NaN,NaN,apparent R2,0.349576746713037,NaN,NaN,66.1964338096485,0.431680381354504,NaN,NaN,49.3290162424059,COMPLETED,COMPLETED
MD,9HPT-D,0,128,NaN,NaN,apparent R2,0.191485967020968,NaN,NaN,-40.4425839783723,0.2406076238188,NaN,NaN,-48.4655506591014,COMPLETED,COMPLETED
MD,9HPT-D,1,128,NaN,NaN,apparent R2,0.250247139024294,NaN,NaN,-46.1007474530809,0.267723358286408,NaN,NaN,-49.1196613890183,COMPLETED,COMPLETED
MD,9HPT-ND,0,128,NaN,NaN,apparent R2,0.344774329787009,NaN,NaN,-18.7613576220913,0.418933946227509,NaN,NaN,-34.1361122826567,COMPLETED,COMPLETED
MD,9HPT-ND,1,128,NaN,NaN,apparent R2,0.433138881258588,NaN,NaN,-33.3041259727521,0.463526387579926,NaN,NaN,-40.3565364752518,COMPLETED,COMPLETED
MD,SDMT,0,129,NaN,NaN,apparent R2,0.253989026586169,NaN,NaN,1001.2302917818,0.397897923422249,NaN,NaN,973.583873965,COMPLETED,COMPLETED
MD,SDMT,1,129,NaN,NaN,apparent R2,0.445100335280031,NaN,NaN,967.052355213832,0.488875808903897,NaN,NaN,956.45181671746,COMPLETED,COMPLETED
MD,MSFC-SDMT,0,124,NaN,NaN,apparent R2,0.294406621657051,NaN,NaN,255.908746365341,0.445746186079575,NaN,NaN,225.97311394166,COMPLETED,COMPLETED
MD,MSFC-SDMT,1,124,NaN,NaN,apparent R2,0.436666988510716,NaN,NaN,231.987893001889,0.496631993923666,NaN,NaN,218.031764560384,COMPLETED,COMPLETED
NDI,EDSS,0,79,39,40,apparent AUC,0.721814185694472,0.598018053375196,0.833653846153846,99.2534794270621,0.965730227862877,0.928804797353184,0.991014120667522,42.3836446900282,COMPLETED,COMPLETED
NDI,EDSS,1,79,39,40,apparent AUC,0.880056704492817,0.802639042302296,0.943006368144177,76.9593298567705,0.972938366885873,0.941332916145181,0.994223363286264,46.2797241569906,COMPLETED,COMPLETED
NDI,MSPro,0,78,39,39,apparent AUC,0.576764434402937,0.447450697450697,0.705098646223817,110.084559723647,0.731896087324323,0.619126530104642,0.842592592592593,100.305107843078,COMPLETED,COMPLETED
NDI,MSPro,1,78,39,39,apparent AUC,0.922569635633319,0.859551877262074,0.972574023736814,64.3709540790695,0.928445907820776,0.86509675593386,0.975306637806638,62.2818451530224,COMPLETED,COMPLETED
NDI,T25FW,0,125,NaN,NaN,apparent R2,0.164318291222208,NaN,NaN,93.5244962572022,0.324042207565932,NaN,NaN,67.0098496828032,COMPLETED,COMPLETED
NDI,T25FW,1,125,NaN,NaN,apparent R2,0.336160552732814,NaN,NaN,68.7485605688871,0.413067192175869,NaN,NaN,53.3573133491065,COMPLETED,COMPLETED
NDI,9HPT-D,0,128,NaN,NaN,apparent R2,0.199625809330106,NaN,NaN,-41.7377748934987,0.385322486922027,NaN,NaN,-75.527419098516,COMPLETED,COMPLETED
NDI,9HPT-D,1,128,NaN,NaN,apparent R2,0.268596682976543,NaN,NaN,-49.2724073126548,0.391452044090686,NaN,NaN,-72.8102404663148,COMPLETED,COMPLETED
NDI,9HPT-ND,0,128,NaN,NaN,apparent R2,0.290702300329145,NaN,NaN,-8.61151901319184,0.457954208156648,NaN,NaN,-43.0338985893156,COMPLETED,COMPLETED
NDI,9HPT-ND,1,128,NaN,NaN,apparent R2,0.402355385116566,NaN,NaN,-26.5352357885015,0.497575325372264,NaN,NaN,-48.7497075119537,COMPLETED,COMPLETED
NDI,SDMT,0,129,NaN,NaN,apparent R2,0.218569429048561,NaN,NaN,1007.21408518792,0.446769148932507,NaN,NaN,962.663814115381,COMPLETED,COMPLETED
NDI,SDMT,1,129,NaN,NaN,apparent R2,0.432272966016462,NaN,NaN,970.000445893465,0.53545218849244,NaN,NaN,944.126110268601,COMPLETED,COMPLETED
NDI,MSFC-SDMT,0,124,NaN,NaN,apparent R2,0.262151214157662,NaN,NaN,261.451519849133,0.490797460123875,NaN,NaN,215.46078143471,COMPLETED,COMPLETED
NDI,MSFC-SDMT,1,124,NaN,NaN,apparent R2,0.430713221910047,NaN,NaN,233.291550002,0.538940189753141,NaN,NaN,207.145339535612,COMPLETED,COMPLETED
ODI,EDSS,0,79,39,40,apparent AUC,0.541198796929686,0.415009792304401,0.66501976284585,113.151042313358,0.911117054914615,0.834616622116622,0.971014492753623,65.3267315106016,COMPLETED,COMPLETED
ODI,EDSS,1,79,39,40,apparent AUC,0.777732937187822,0.668269230769231,0.875263738289679,97.7872066411183,0.932974428059136,0.869193487671749,0.981362437074889,63.216837796573,COMPLETED,COMPLETED
ODI,MSPro,0,78,39,39,apparent AUC,0.553210477243688,0.427535549486769,0.68653864507523,111.541809752781,0.919387741499831,0.84890873015873,0.970394736842105,60.9184345139451,COMPLETED,COMPLETED
ODI,MSPro,1,78,39,39,apparent AUC,0.913229408815781,0.840173493321537,0.97058916039238,69.5360878308445,0.970748259465121,0.935439925571504,0.993397142787387,44.3702614217944,COMPLETED,COMPLETED
ODI,T25FW,0,125,NaN,NaN,apparent R2,0.0519412519302286,NaN,NaN,109.29557893364,0.133657640464706,NaN,NaN,98.0285406714037,COMPLETED,COMPLETED
ODI,T25FW,1,125,NaN,NaN,apparent R2,0.217101287605466,NaN,NaN,89.3689362309376,0.259396693338473,NaN,NaN,82.4266617384229,COMPLETED,COMPLETED
ODI,9HPT-D,0,128,NaN,NaN,apparent R2,0.137000712310899,NaN,NaN,-32.0949577358605,0.256498885077977,NaN,NaN,-51.1725385660565,COMPLETED,COMPLETED
ODI,9HPT-D,1,128,NaN,NaN,apparent R2,0.210522783188802,NaN,NaN,-39.4924476761424,0.297463684955684,NaN,NaN,-54.4267045273859,COMPLETED,COMPLETED
ODI,9HPT-ND,0,128,NaN,NaN,apparent R2,0.0829103081964814,NaN,NaN,24.2755148946187,0.382750341534323,NaN,NaN,-26.4037430382873,COMPLETED,COMPLETED
ODI,9HPT-ND,1,128,NaN,NaN,apparent R2,0.222234759129004,NaN,NaN,7.18360502981791,0.43405903291103,NaN,NaN,-33.5120695118562,COMPLETED,COMPLETED
ODI,SDMT,0,129,NaN,NaN,apparent R2,0.100500987482209,NaN,NaN,1025.36588809156,0.403262622241827,NaN,NaN,972.429339444728,COMPLETED,COMPLETED
ODI,SDMT,1,129,NaN,NaN,apparent R2,0.321526474589802,NaN,NaN,992.988856061603,0.48312680622932,NaN,NaN,957.894678513708,COMPLETED,COMPLETED
ODI,MSFC-SDMT,0,124,NaN,NaN,apparent R2,0.0894397606505547,NaN,NaN,287.531342615395,0.358757718137166,NaN,NaN,244.050408139879,COMPLETED,COMPLETED
ODI,MSFC-SDMT,1,124,NaN,NaN,apparent R2,0.270135372349323,NaN,NaN,264.10242080489,0.426975968899323,NaN,NaN,234.102924670007,COMPLETED,COMPLETED
ISOVF,EDSS,0,79,39,40,apparent AUC,0.773304940619971,0.659449252207873,0.874262823167281,96.0037791606681,0.869357784645923,0.785243741765481,0.936415948915949,72.7797696553093,COMPLETED,COMPLETED
ISOVF,EDSS,1,79,39,40,apparent AUC,0.856244981190788,0.769231894231894,0.928017521631129,83.4298888442228,0.897871139967549,0.826897439311232,0.955458333967571,74.3898847771538,COMPLETED,COMPLETED
ISOVF,MSPro,0,78,39,39,apparent AUC,0.621566599907808,0.498498824429008,0.737088270826301,107.057334369384,0.869302730262795,0.781434775806258,0.940608465608466,71.1426272946297,COMPLETED,COMPLETED
ISOVF,MSPro,1,78,39,39,apparent AUC,0.919239238551045,0.852474870448446,0.97010418171313,66.4133168045413,0.964892224246119,0.921132376395534,0.994724648570802,47.8104852302212,COMPLETED,COMPLETED
ISOVF,T25FW,0,125,NaN,NaN,apparent R2,0.255490748709007,NaN,NaN,79.0841798529117,0.338076192630373,NaN,NaN,64.3873269127197,COMPLETED,COMPLETED
ISOVF,T25FW,1,125,NaN,NaN,apparent R2,0.369824301170639,NaN,NaN,62.243353516376,0.389030404951978,NaN,NaN,58.3744194905405,COMPLETED,COMPLETED
ISOVF,9HPT-D,0,128,NaN,NaN,apparent R2,0.226128934999834,NaN,NaN,-46.048057085326,0.296728547143738,NaN,NaN,-58.2928346617403,COMPLETED,COMPLETED
ISOVF,9HPT-D,1,128,NaN,NaN,apparent R2,0.260005924875655,NaN,NaN,-47.7777335587629,0.314071111504842,NaN,NaN,-57.4888655025086,COMPLETED,COMPLETED
ISOVF,9HPT-ND,0,128,NaN,NaN,apparent R2,0.333904135655368,NaN,NaN,-16.655259744814,0.452179114132574,NaN,NaN,-41.6773676136822,COMPLETED,COMPLETED
ISOVF,9HPT-ND,1,128,NaN,NaN,apparent R2,0.382428661229143,NaN,NaN,-22.337053080655,0.470451937219435,NaN,NaN,-42.0196974527735,COMPLETED,COMPLETED
ISOVF,SDMT,0,129,NaN,NaN,apparent R2,0.238025433492186,NaN,NaN,1003.96159176383,0.384711918257249,NaN,NaN,976.378477122887,COMPLETED,COMPLETED
ISOVF,SDMT,1,129,NaN,NaN,apparent R2,0.379994398950116,NaN,NaN,981.363769863562,0.452647996351699,NaN,NaN,965.285674293055,COMPLETED,COMPLETED
ISOVF,MSFC-SDMT,0,124,NaN,NaN,apparent R2,0.319091015367839,NaN,NaN,251.493047765172,0.442683552858094,NaN,NaN,226.656413043381,COMPLETED,COMPLETED
ISOVF,MSFC-SDMT,1,124,NaN,NaN,apparent R2,0.414663876021479,NaN,NaN,236.73899084726,0.474448731666464,NaN,NaN,223.379416038648,COMPLETED,COMPLETED
