Clinical Metric (n=number of patients),Tract-based AUC (95% CI),Classical-based AUC (95% CI),Tract-based AIC,Classical-based AIC
EDSS-T1 (n=80),0.962 (0.911-1.000),0.850 (0.756-0.931),46.38,81.35
EDSS-MTR (n=80),0.906 (0.835-0.963),0.732 (0.613-0.841),63.99,100.95
EDSS-FA (n=79),0.897 (0.823-0.959),0.578 (0.440-0.707),67.22,111.91
EDSS-MD (n=79),0.902 (0.826-0.963),0.861 (0.771-0.936),66.40,81.16
EDSS-NDI (n=79),0.959 (0.915-0.989),0.865 (0.772-0.940),44.03,79.42
EDSS-ODI (n=79),0.912 (0.836-0.971),0.637 (0.509-0.758),67.30,108.05
EDSS-ISOVF (n=79),0.860 (0.774-0.934),0.721 (0.606-0.830),75.14,101.38
MSPro-T1 (n=79),0.893 (0.807-0.963),0.832 (0.739-0.919),67.09,85.70
MSPro-MTR (n=79),0.888 (0.810-0.953),0.660 (0.538-0.772),68.80,104.89
MSPro-FA (n=78),0.861 (0.772-0.931),0.568 (0.438-0.697),76.13,110.98
MSPro-MD (n=78),0.886 (0.803-0.952),0.709 (0.592-0.816),68.11,98.46
MSPro-NDI (n=78),0.740 (0.624-0.848),0.710 (0.592-0.821),98.46,102.39
MSPro-ODI (n=78),0.916 (0.849-0.967),0.624 (0.500-0.738),58.46,109.16
MSPro-ISOVF (n=78),0.879 (0.793-0.948),0.771 (0.655-0.867),68.28,91.41
