Outcome,SourceField,Metric,MetricDisplay,Model,Adjusted,Demographics,CasePolicy,N,PositiveN,NegativeN,PerformanceName,Performance,CI_lower,CI_upper,Lambda,p_raw,AIC,SubjectIDSetSHA256,Status,Blocker
EDSS,EDSS,T1,T1,Motor-only,0,none,MS joint standard+motor+classical complete cases,80,39,41,apparent AUC,0.759838979139373,0.64638432184468,0.861128439404106,0.000494171336132383,0.000786134806433932,99.0499364237214,29b34611ecebe2f5e28613f90b3248d73624825a1971d10b914d5c63fbcf90c1,COMPLETED,
EDSS,EDSS,T1,T1,Standard+Motor,0,none,MS joint standard+motor+classical complete cases,80,39,41,apparent AUC,0.95196971478773,0.905002525252525,0.987401513564304,0.0255954792269954,1.19629184954856e-05,48.6354645912673,29b34611ecebe2f5e28613f90b3248d73624825a1971d10b914d5c63fbcf90c1,COMPLETED,
EDSS,EDSS,T1,T1,Motor-only,1,Age+GenderNum+DurationOfDisease,MS joint standard+motor+classical complete cases,80,39,41,apparent AUC,0.829182720146152,0.731699618132545,0.915546958951214,0.000494171336132383,0.00470856474120299,89.2494361191942,29b34611ecebe2f5e28613f90b3248d73624825a1971d10b914d5c63fbcf90c1,COMPLETED,
EDSS,EDSS,T1,T1,Standard+Motor,1,Age+GenderNum+DurationOfDisease,MS joint standard+motor+classical complete cases,80,39,41,apparent AUC,0.958810246140657,0.914351547070441,0.991067590801633,0.0255954792269954,9.1733541268762e-05,50.4591390436846,29b34611ecebe2f5e28613f90b3248d73624825a1971d10b914d5c63fbcf90c1,COMPLETED,
MSPro,MSPro,T1,T1,Motor-only,0,none,MS joint standard+motor+classical complete cases,79,39,40,apparent AUC,0.617648377763931,0.48965718965719,0.739536791022745,4.09491506238043,0.10796637220634,110.750629623633,19b3e9fd15ae969360c92bcdd19bb0b94e5d8b16dd9141a3d8b8a9674cdabeae,COMPLETED,
MSPro,MSPro,T1,T1,Standard+Motor,0,none,MS joint standard+motor+classical complete cases,79,39,40,apparent AUC,0.88483455066659,0.803647214854112,0.948586033310039,0.0449843266896945,7.93648666835354e-06,70.976374759023,19b3e9fd15ae969360c92bcdd19bb0b94e5d8b16dd9141a3d8b8a9674cdabeae,COMPLETED,
MSPro,MSPro,T1,T1,Motor-only,1,Age+GenderNum+DurationOfDisease,MS joint standard+motor+classical complete cases,79,39,40,apparent AUC,0.918452734738681,0.856454806454806,0.970430107526882,4.09491506238043,0.063258338853842,67.0942673786543,19b3e9fd15ae969360c92bcdd19bb0b94e5d8b16dd9141a3d8b8a9674cdabeae,COMPLETED,
MSPro,MSPro,T1,T1,Standard+Motor,1,Age+GenderNum+DurationOfDisease,MS joint standard+motor+classical complete cases,79,39,40,apparent AUC,0.978171471629621,0.94702842377261,0.998074454428755,0.0449843266896945,0.000857237581205606,39.3209325393944,19b3e9fd15ae969360c92bcdd19bb0b94e5d8b16dd9141a3d8b8a9674cdabeae,COMPLETED,
T25FW,T25FW,T1,T1,Motor-only,0,none,standard+motor complete cases; controls retained,125,NaN,NaN,apparent R2,0.20057422382683,NaN,NaN,0.869749002617783,1.63275983100108e-07,87.9802313442003,57802f833369f0e427c83ba66e965ece8c1cc2df8d0d68e5b5e99679b3886161,COMPLETED,
T25FW,T25FW,T1,T1,Standard+Motor,0,none,standard+motor complete cases; controls retained,125,NaN,NaN,apparent R2,0.285549907711047,NaN,NaN,3.51119173421513,1.37794970661739e-10,73.9326632107814,57802f833369f0e427c83ba66e965ece8c1cc2df8d0d68e5b5e99679b3886161,COMPLETED,
T25FW,T25FW,T1,T1,Motor-only,1,Age+GenderNum,standard+motor complete cases; controls retained,125,NaN,NaN,apparent R2,0.352667928039353,NaN,NaN,0.869749002617783,1.00375760296133e-07,65.6009465262789,57802f833369f0e427c83ba66e965ece8c1cc2df8d0d68e5b5e99679b3886161,COMPLETED,
T25FW,T25FW,T1,T1,Standard+Motor,1,Age+GenderNum,standard+motor complete cases; controls retained,125,NaN,NaN,apparent R2,0.388210715190237,NaN,NaN,3.51119173421513,3.01702188619804e-09,58.5420097444385,57802f833369f0e427c83ba66e965ece8c1cc2df8d0d68e5b5e99679b3886161,COMPLETED,
9HPT-D,x9HPTD,T1,T1,Motor-only,0,none,standard+motor complete cases; controls retained,128,NaN,NaN,apparent R2,0.17408463419123,NaN,NaN,0.497702356433211,9.60750122760094e-07,-37.7169174317063,ab9b3bc5742c46b91bd47d4b1a6a6fab1d401c558f222e021c470739aa1f052e,COMPLETED,
9HPT-D,x9HPTD,T1,T1,Standard+Motor,0,none,standard+motor complete cases; controls retained,128,NaN,NaN,apparent R2,0.271587256674063,NaN,NaN,1.14975699539774,2.85134594341842e-10,-53.7968486846561,ab9b3bc5742c46b91bd47d4b1a6a6fab1d401c558f222e021c470739aa1f052e,COMPLETED,
9HPT-D,x9HPTD,T1,T1,Motor-only,1,Age+GenderNum,standard+motor complete cases; controls retained,128,NaN,NaN,apparent R2,0.239798703010176,NaN,NaN,0.497702356433211,3.51239875750595e-06,-44.3292749228803,ab9b3bc5742c46b91bd47d4b1a6a6fab1d401c558f222e021c470739aa1f052e,COMPLETED,
9HPT-D,x9HPTD,T1,T1,Standard+Motor,1,Age+GenderNum,standard+motor complete cases; controls retained,128,NaN,NaN,apparent R2,0.295177600748582,NaN,NaN,1.14975699539774,2.77799417095036e-08,-54.0108630892284,ab9b3bc5742c46b91bd47d4b1a6a6fab1d401c558f222e021c470739aa1f052e,COMPLETED,
9HPT-ND,x9HPTND,T1,T1,Motor-only,0,none,standard+motor complete cases; controls retained,128,NaN,NaN,apparent R2,0.274524568052082,NaN,NaN,0.00327454916287773,2.19928618243927e-10,-5.72487798515635,9bbc2a830f286d8254f4bc67626f029c9cd08965c6bd2ff316863d934e3f9ec1,COMPLETED,
9HPT-ND,x9HPTND,T1,T1,Standard+Motor,0,none,standard+motor complete cases; controls retained,128,NaN,NaN,apparent R2,0.384170439042856,NaN,NaN,1.51991108295293,6.15692238902659e-15,-26.6985700998305,9bbc2a830f286d8254f4bc67626f029c9cd08965c6bd2ff316863d934e3f9ec1,COMPLETED,
9HPT-ND,x9HPTND,T1,T1,Motor-only,1,Age+GenderNum,standard+motor complete cases; controls retained,128,NaN,NaN,apparent R2,0.357564792214952,NaN,NaN,0.00327454916287773,1.01446464985847e-09,-17.2847167520969,9bbc2a830f286d8254f4bc67626f029c9cd08965c6bd2ff316863d934e3f9ec1,COMPLETED,
9HPT-ND,x9HPTND,T1,T1,Standard+Motor,1,Age+GenderNum,standard+motor complete cases; controls retained,128,NaN,NaN,apparent R2,0.43645440726047,NaN,NaN,1.51991108295293,2.61011654854751e-13,-34.0549858905101,9bbc2a830f286d8254f4bc67626f029c9cd08965c6bd2ff316863d934e3f9ec1,COMPLETED,
SDMT,SDMTcorrect,T1,T1,Motor-only,0,none,standard+motor complete cases; controls retained,129,NaN,NaN,apparent R2,0.246259470033837,NaN,NaN,0.00432876128108306,2.22490953181215e-09,1002.56000756709,8622db34a6ecee9ee56dd835340d540388c9b1c6e81df68f0ac336d487f1f20c,COMPLETED,
SDMT,SDMTcorrect,T1,T1,Standard+Motor,0,none,standard+motor complete cases; controls retained,129,NaN,NaN,apparent R2,0.40972291733629,NaN,NaN,0.657933224657568,3.16421053089985e-16,971.025167341551,8622db34a6ecee9ee56dd835340d540388c9b1c6e81df68f0ac336d487f1f20c,COMPLETED,
SDMT,SDMTcorrect,T1,T1,Motor-only,1,Age+GenderNum,standard+motor complete cases; controls retained,129,NaN,NaN,apparent R2,0.434857759389296,NaN,NaN,0.00432876128108306,1.15599550285383e-08,969.411783227462,8622db34a6ecee9ee56dd835340d540388c9b1c6e81df68f0ac336d487f1f20c,COMPLETED,
SDMT,SDMTcorrect,T1,T1,Standard+Motor,1,Age+GenderNum,standard+motor complete cases; controls retained,129,NaN,NaN,apparent R2,0.508196478922176,NaN,NaN,0.657933224657568,1.64384323547039e-12,951.481020145498,8622db34a6ecee9ee56dd835340d540388c9b1c6e81df68f0ac336d487f1f20c,COMPLETED,
MSFC-SDMT,MSFC_SDMT,T1,T1,Motor-only,0,none,standard+motor complete cases; controls retained,124,NaN,NaN,apparent R2,0.242784081670083,NaN,NaN,0.657933224657568,6.12836931522501e-09,264.664302234188,1fd66858132f92ed1d4f5be65f2bf25d7e547a07f86cdf93efe6c2bc4c98508a,COMPLETED,
MSFC-SDMT,MSFC_SDMT,T1,T1,Standard+Motor,0,none,standard+motor complete cases; controls retained,124,NaN,NaN,apparent R2,0.39309425688478,NaN,NaN,1.14975699539774,6.69524733567967e-15,237.226208941836,1fd66858132f92ed1d4f5be65f2bf25d7e547a07f86cdf93efe6c2bc4c98508a,COMPLETED,
MSFC-SDMT,MSFC_SDMT,T1,T1,Motor-only,1,Age+GenderNum,standard+motor complete cases; controls retained,124,NaN,NaN,apparent R2,0.401540602105304,NaN,NaN,0.657933224657568,5.26129042907847e-09,239.488372141122,1fd66858132f92ed1d4f5be65f2bf25d7e547a07f86cdf93efe6c2bc4c98508a,COMPLETED,
MSFC-SDMT,MSFC_SDMT,T1,T1,Standard+Motor,1,Age+GenderNum,standard+motor complete cases; controls retained,124,NaN,NaN,apparent R2,0.472023104423651,NaN,NaN,1.14975699539774,2.47223237801325e-12,223.950408480779,1fd66858132f92ed1d4f5be65f2bf25d7e547a07f86cdf93efe6c2bc4c98508a,COMPLETED,
EDSS,EDSS,MTR,MTR,Motor-only,0,none,MS joint standard+motor+classical complete cases,80,39,41,apparent AUC,0.781001998750051,0.674352159468439,0.877155287554997,2.32995181051537,0.00015016294591951,92.991964524085,29b34611ecebe2f5e28613f90b3248d73624825a1971d10b914d5c63fbcf90c1,COMPLETED,
EDSS,EDSS,MTR,MTR,Standard+Motor,0,none,MS joint standard+motor+classical complete cases,80,39,41,apparent AUC,0.893746866471631,0.816072328140742,0.957751265855486,0.138949549437314,2.68370730820615e-06,67.2401265222928,29b34611ecebe2f5e28613f90b3248d73624825a1971d10b914d5c63fbcf90c1,COMPLETED,
EDSS,EDSS,MTR,MTR,Motor-only,1,Age+GenderNum+DurationOfDisease,MS joint standard+motor+classical complete cases,80,39,41,apparent AUC,0.866522634998836,0.776802676405626,0.938426821405545,2.32995181051537,0.000634879193358077,82.067870155392,29b34611ecebe2f5e28613f90b3248d73624825a1971d10b914d5c63fbcf90c1,COMPLETED,
EDSS,EDSS,MTR,MTR,Standard+Motor,1,Age+GenderNum+DurationOfDisease,MS joint standard+motor+classical complete cases,80,39,41,apparent AUC,0.906289517869108,0.832902410406066,0.964686383341496,0.138949549437314,4.06258522483234e-05,68.6413264726931,29b34611ecebe2f5e28613f90b3248d73624825a1971d10b914d5c63fbcf90c1,COMPLETED,
MSPro,MSPro,MTR,MTR,Motor-only,0,none,MS joint standard+motor+classical complete cases,79,39,40,apparent AUC,0.714036445877748,0.600384697672888,0.823950477626948,4.09491506238043,0.00192422273522521,101.404148365744,19b3e9fd15ae969360c92bcdd19bb0b94e5d8b16dd9141a3d8b8a9674cdabeae,COMPLETED,
MSPro,MSPro,MTR,MTR,Standard+Motor,0,none,MS joint standard+motor+classical complete cases,79,39,40,apparent AUC,0.874629252579434,0.794871794871795,0.946114170513206,0.079060432109077,1.04474774270079e-05,72.3305836165912,19b3e9fd15ae969360c92bcdd19bb0b94e5d8b16dd9141a3d8b8a9674cdabeae,COMPLETED,
MSPro,MSPro,MTR,MTR,Motor-only,1,Age+GenderNum+DurationOfDisease,MS joint standard+motor+classical complete cases,79,39,40,apparent AUC,0.930304708515906,0.870944053296994,0.979394506307364,4.09491506238043,0.00904917588732263,62.7371083840951,19b3e9fd15ae969360c92bcdd19bb0b94e5d8b16dd9141a3d8b8a9674cdabeae,COMPLETED,
MSPro,MSPro,MTR,MTR,Standard+Motor,1,Age+GenderNum+DurationOfDisease,MS joint standard+motor+classical complete cases,79,39,40,apparent AUC,0.972672495343737,0.938185017596782,0.998358189429618,0.079060432109077,0.000674738470451907,43.8881658727627,19b3e9fd15ae969360c92bcdd19bb0b94e5d8b16dd9141a3d8b8a9674cdabeae,COMPLETED,
T25FW,T25FW,MTR,MTR,Motor-only,0,none,standard+motor complete cases; controls retained,125,NaN,NaN,apparent R2,0.220123451970426,NaN,NaN,0.657933224657568,3.41044438706562e-08,84.8854744996051,57802f833369f0e427c83ba66e965ece8c1cc2df8d0d68e5b5e99679b3886161,COMPLETED,
T25FW,T25FW,MTR,MTR,Standard+Motor,0,none,standard+motor complete cases; controls retained,125,NaN,NaN,apparent R2,0.300804967162873,NaN,NaN,2.00923300256505,3.56470257740932e-11,71.2347351058318,57802f833369f0e427c83ba66e965ece8c1cc2df8d0d68e5b5e99679b3886161,COMPLETED,
T25FW,T25FW,MTR,MTR,Motor-only,1,Age+GenderNum,standard+motor complete cases; controls retained,125,NaN,NaN,apparent R2,0.335716237378797,NaN,NaN,0.657933224657568,5.03257388073285e-07,68.8321965160803,57802f833369f0e427c83ba66e965ece8c1cc2df8d0d68e5b5e99679b3886161,COMPLETED,
T25FW,T25FW,MTR,MTR,Standard+Motor,1,Age+GenderNum,standard+motor complete cases; controls retained,125,NaN,NaN,apparent R2,0.378268255678384,NaN,NaN,2.00923300256505,8.18823893591684e-09,60.5571101352881,57802f833369f0e427c83ba66e965ece8c1cc2df8d0d68e5b5e99679b3886161,COMPLETED,
9HPT-D,x9HPTD,MTR,MTR,Motor-only,0,none,standard+motor complete cases; controls retained,128,NaN,NaN,apparent R2,0.189086054736754,NaN,NaN,0.093260334688322,2.91381673240171e-07,-40.0632043438505,ab9b3bc5742c46b91bd47d4b1a6a6fab1d401c558f222e021c470739aa1f052e,COMPLETED,
9HPT-D,x9HPTD,MTR,MTR,Standard+Motor,0,none,standard+motor complete cases; controls retained,128,NaN,NaN,apparent R2,0.302504098290151,NaN,NaN,0.497702356433211,1.76257710079734e-11,-59.3483628815131,ab9b3bc5742c46b91bd47d4b1a6a6fab1d401c558f222e021c470739aa1f052e,COMPLETED,
9HPT-D,x9HPTD,MTR,MTR,Motor-only,1,Age+GenderNum,standard+motor complete cases; controls retained,128,NaN,NaN,apparent R2,0.230129475894832,NaN,NaN,0.093260334688322,7.93707596038305e-06,-42.7114717195773,ab9b3bc5742c46b91bd47d4b1a6a6fab1d401c558f222e021c470739aa1f052e,COMPLETED,
9HPT-D,x9HPTD,MTR,MTR,Standard+Motor,1,Age+GenderNum,standard+motor complete cases; controls retained,128,NaN,NaN,apparent R2,0.307557339084959,NaN,NaN,0.497702356433211,9.00232374137144e-09,-56.279076927307,ab9b3bc5742c46b91bd47d4b1a6a6fab1d401c558f222e021c470739aa1f052e,COMPLETED,
9HPT-ND,x9HPTND,MTR,MTR,Motor-only,0,none,standard+motor complete cases; controls retained,128,NaN,NaN,apparent R2,0.342329979897184,NaN,NaN,0.0305385550883342,4.09150956303362e-13,-18.2847361361429,9bbc2a830f286d8254f4bc67626f029c9cd08965c6bd2ff316863d934e3f9ec1,COMPLETED,
9HPT-ND,x9HPTND,MTR,MTR,Standard+Motor,0,none,standard+motor complete cases; controls retained,128,NaN,NaN,apparent R2,0.411924526592599,NaN,NaN,0.869749002617783,3.25873959533738e-16,-32.6012827646722,9bbc2a830f286d8254f4bc67626f029c9cd08965c6bd2ff316863d934e3f9ec1,COMPLETED,
9HPT-ND,x9HPTND,MTR,MTR,Motor-only,1,Age+GenderNum,standard+motor complete cases; controls retained,128,NaN,NaN,apparent R2,0.400532519905155,NaN,NaN,0.0305385550883342,1.27787856629887e-11,-26.1454194490363,9bbc2a830f286d8254f4bc67626f029c9cd08965c6bd2ff316863d934e3f9ec1,COMPLETED,
9HPT-ND,x9HPTND,MTR,MTR,Standard+Motor,1,Age+GenderNum,standard+motor complete cases; controls retained,128,NaN,NaN,apparent R2,0.435056001799301,NaN,NaN,0.869749002617783,3.0503356170773e-13,-33.7377548020054,9bbc2a830f286d8254f4bc67626f029c9cd08965c6bd2ff316863d934e3f9ec1,COMPLETED,
SDMT,SDMTcorrect,MTR,MTR,Motor-only,0,none,standard+motor complete cases; controls retained,129,NaN,NaN,apparent R2,0.27216157912094,NaN,NaN,0.0132194114846603,2.30359353153781e-10,998.048992396467,8622db34a6ecee9ee56dd835340d540388c9b1c6e81df68f0ac336d487f1f20c,COMPLETED,
SDMT,SDMTcorrect,MTR,MTR,Standard+Motor,0,none,standard+motor complete cases; controls retained,129,NaN,NaN,apparent R2,0.410006515529623,NaN,NaN,0.497702356433211,3.0680868257514e-16,970.963174492347,8622db34a6ecee9ee56dd835340d540388c9b1c6e81df68f0ac336d487f1f20c,COMPLETED,
SDMT,SDMTcorrect,MTR,MTR,Motor-only,1,Age+GenderNum,standard+motor complete cases; controls retained,129,NaN,NaN,apparent R2,0.422373590071071,NaN,NaN,0.0132194114846603,4.69525295134415e-08,972.230414824233,8622db34a6ecee9ee56dd835340d540388c9b1c6e81df68f0ac336d487f1f20c,COMPLETED,
SDMT,SDMTcorrect,MTR,MTR,Standard+Motor,1,Age+GenderNum,standard+motor complete cases; controls retained,129,NaN,NaN,apparent R2,0.480836047746402,NaN,NaN,0.497702356433211,5.13124684096476e-11,958.465137453328,8622db34a6ecee9ee56dd835340d540388c9b1c6e81df68f0ac336d487f1f20c,COMPLETED,
MSFC-SDMT,MSFC_SDMT,MTR,MTR,Motor-only,0,none,standard+motor complete cases; controls retained,124,NaN,NaN,apparent R2,0.289879612369149,NaN,NaN,0.215443469003188,1.12153677415927e-10,256.701775406248,1fd66858132f92ed1d4f5be65f2bf25d7e547a07f86cdf93efe6c2bc4c98508a,COMPLETED,
MSFC-SDMT,MSFC_SDMT,MTR,MTR,Standard+Motor,0,none,standard+motor complete cases; controls retained,124,NaN,NaN,apparent R2,0.436614071602752,NaN,NaN,0.657933224657568,6.8010780271323e-17,227.999540443607,1fd66858132f92ed1d4f5be65f2bf25d7e547a07f86cdf93efe6c2bc4c98508a,COMPLETED,
MSFC-SDMT,MSFC_SDMT,MTR,MTR,Motor-only,1,Age+GenderNum,standard+motor complete cases; controls retained,124,NaN,NaN,apparent R2,0.405657895171755,NaN,NaN,0.215443469003188,3.44337292051496e-09,238.632326325001,1fd66858132f92ed1d4f5be65f2bf25d7e547a07f86cdf93efe6c2bc4c98508a,COMPLETED,
MSFC-SDMT,MSFC_SDMT,MTR,MTR,Standard+Motor,1,Age+GenderNum,standard+motor complete cases; controls retained,124,NaN,NaN,apparent R2,0.474697790707857,NaN,NaN,0.657933224657568,1.81421477313217e-12,223.320638440498,1fd66858132f92ed1d4f5be65f2bf25d7e547a07f86cdf93efe6c2bc4c98508a,COMPLETED,
EDSS,EDSS,FA,FA,Motor-only,0,none,MS joint standard+motor+classical complete cases,79,39,40,apparent AUC,0.642159927367613,0.516187168063631,0.761060962846677,4.09491506238043,0.0448616951216175,109.08596556349,25bd4f09525df2d10ad809b0d139f1b83ba897def66ff3036aa6420156e40615,COMPLETED,
EDSS,EDSS,FA,FA,Standard+Motor,0,none,MS joint standard+motor+classical complete cases,79,39,40,apparent AUC,0.900435275124618,0.821132128740824,0.961364699326308,0.079060432109077,6.37733029949772e-06,68.3390579934184,25bd4f09525df2d10ad809b0d139f1b83ba897def66ff3036aa6420156e40615,COMPLETED,
EDSS,EDSS,FA,FA,Motor-only,1,Age+GenderNum+DurationOfDisease,MS joint standard+motor+classical complete cases,79,39,40,apparent AUC,0.803479558957395,0.703651800327332,0.891779279279279,4.09491506238043,0.0416936319160677,93.3877071162176,25bd4f09525df2d10ad809b0d139f1b83ba897def66ff3036aa6420156e40615,COMPLETED,
EDSS,EDSS,FA,FA,Standard+Motor,1,Age+GenderNum+DurationOfDisease,MS joint standard+motor+classical complete cases,79,39,40,apparent AUC,0.933965100353365,0.875971509111044,0.97746274127368,0.079060432109077,6.78557585827946e-05,61.4924284430393,25bd4f09525df2d10ad809b0d139f1b83ba897def66ff3036aa6420156e40615,COMPLETED,
MSPro,MSPro,FA,FA,Motor-only,0,none,MS joint standard+motor+classical complete cases,78,39,39,apparent AUC,0.574354525664844,0.45161281934265,0.700166112956811,33932.2177189533,0.290520559138903,110.983661917251,1e6bf77e43daa1f31095d58ad0edc1918e05bccdee0f6c461bfac9ee100c614d,COMPLETED,
MSPro,MSPro,FA,FA,Standard+Motor,0,none,MS joint standard+motor+classical complete cases,78,39,39,apparent AUC,0.837602749123936,0.739973701512163,0.919638062154426,0.244205309454865,3.6961225252868e-05,83.6686887458016,1e6bf77e43daa1f31095d58ad0edc1918e05bccdee0f6c461bfac9ee100c614d,COMPLETED,
MSPro,MSPro,FA,FA,Motor-only,1,Age+GenderNum+DurationOfDisease,MS joint standard+motor+classical complete cases,78,39,39,apparent AUC,0.913872453611371,0.838426711685685,0.969570707070707,33932.2177189533,0.234019320997122,68.2642624630596,1e6bf77e43daa1f31095d58ad0edc1918e05bccdee0f6c461bfac9ee100c614d,COMPLETED,
MSPro,MSPro,FA,FA,Standard+Motor,1,Age+GenderNum+DurationOfDisease,MS joint standard+motor+classical complete cases,78,39,39,apparent AUC,0.958989635252576,0.911774608833432,0.992105263157895,0.244205309454865,0.00103444183351868,50.8341165145636,1e6bf77e43daa1f31095d58ad0edc1918e05bccdee0f6c461bfac9ee100c614d,COMPLETED,
T25FW,T25FW,FA,FA,Motor-only,0,none,standard+motor complete cases; controls retained,125,NaN,NaN,apparent R2,0.116854527616276,NaN,NaN,0.28480358684358,9.55188957197961e-05,100.429761939676,57802f833369f0e427c83ba66e965ece8c1cc2df8d0d68e5b5e99679b3886161,COMPLETED,
T25FW,T25FW,FA,FA,Standard+Motor,0,none,standard+motor complete cases; controls retained,125,NaN,NaN,apparent R2,0.256513080296582,NaN,NaN,2.00923300256505,1.6799934766215e-09,78.9124166843693,57802f833369f0e427c83ba66e965ece8c1cc2df8d0d68e5b5e99679b3886161,COMPLETED,
T25FW,T25FW,FA,FA,Motor-only,1,Age+GenderNum,standard+motor complete cases; controls retained,125,NaN,NaN,apparent R2,0.263668252887543,NaN,NaN,0.28480358684358,0.000338963857676887,81.7036151412971,57802f833369f0e427c83ba66e965ece8c1cc2df8d0d68e5b5e99679b3886161,COMPLETED,
T25FW,T25FW,FA,FA,Standard+Motor,1,Age+GenderNum,standard+motor complete cases; controls retained,125,NaN,NaN,apparent R2,0.340811319991492,NaN,NaN,2.00923300256505,3.11149129002377e-07,67.8697458408852,57802f833369f0e427c83ba66e965ece8c1cc2df8d0d68e5b5e99679b3886161,COMPLETED,
9HPT-D,x9HPTD,FA,FA,Motor-only,0,none,standard+motor complete cases; controls retained,128,NaN,NaN,apparent R2,0.179270539860031,NaN,NaN,0.123284673944207,6.37354749207778e-07,-38.5231606601136,ab9b3bc5742c46b91bd47d4b1a6a6fab1d401c558f222e021c470739aa1f052e,COMPLETED,
9HPT-D,x9HPTD,FA,FA,Standard+Motor,0,none,standard+motor complete cases; controls retained,128,NaN,NaN,apparent R2,0.288174120573718,NaN,NaN,0.869749002617783,6.49526491266331e-11,-56.7452662871607,ab9b3bc5742c46b91bd47d4b1a6a6fab1d401c558f222e021c470739aa1f052e,COMPLETED,
9HPT-D,x9HPTD,FA,FA,Motor-only,1,Age+GenderNum,standard+motor complete cases; controls retained,128,NaN,NaN,apparent R2,0.248088394719297,NaN,NaN,0.123284673944207,1.73483115498684e-06,-45.7327298731272,ab9b3bc5742c46b91bd47d4b1a6a6fab1d401c558f222e021c470739aa1f052e,COMPLETED,
9HPT-D,x9HPTD,FA,FA,Standard+Motor,1,Age+GenderNum,standard+motor complete cases; controls retained,128,NaN,NaN,apparent R2,0.32081747035005,NaN,NaN,0.869749002617783,2.63842513451023e-09,-58.7540237172894,ab9b3bc5742c46b91bd47d4b1a6a6fab1d401c558f222e021c470739aa1f052e,COMPLETED,
9HPT-ND,x9HPTND,FA,FA,Motor-only,0,none,standard+motor complete cases; controls retained,128,NaN,NaN,apparent R2,0.168252718293405,NaN,NaN,0.0705480231071864,1.52037994415875e-06,11.7729061549994,9bbc2a830f286d8254f4bc67626f029c9cd08965c6bd2ff316863d934e3f9ec1,COMPLETED,
9HPT-ND,x9HPTND,FA,FA,Standard+Motor,0,none,standard+motor complete cases; controls retained,128,NaN,NaN,apparent R2,0.437992563157647,NaN,NaN,0.215443469003188,1.81826992243591e-17,-38.4048300510728,9bbc2a830f286d8254f4bc67626f029c9cd08965c6bd2ff316863d934e3f9ec1,COMPLETED,
9HPT-ND,x9HPTND,FA,FA,Motor-only,1,Age+GenderNum,standard+motor complete cases; controls retained,128,NaN,NaN,apparent R2,0.282779543538358,NaN,NaN,0.0705480231071864,1.12873913693606e-06,-3.18970283490752,9bbc2a830f286d8254f4bc67626f029c9cd08965c6bd2ff316863d934e3f9ec1,COMPLETED,
9HPT-ND,x9HPTND,FA,FA,Standard+Motor,1,Age+GenderNum,standard+motor complete cases; controls retained,128,NaN,NaN,apparent R2,0.477263858497605,NaN,NaN,0.215443469003188,2.32500407151003e-15,-43.6769267448593,9bbc2a830f286d8254f4bc67626f029c9cd08965c6bd2ff316863d934e3f9ec1,COMPLETED,
SDMT,SDMTcorrect,FA,FA,Motor-only,0,none,standard+motor complete cases; controls retained,129,NaN,NaN,apparent R2,0.181110382369659,NaN,NaN,0.0403701725859655,4.96513620912723e-07,1013.2542512333,8622db34a6ecee9ee56dd835340d540388c9b1c6e81df68f0ac336d487f1f20c,COMPLETED,
SDMT,SDMTcorrect,FA,FA,Standard+Motor,0,none,standard+motor complete cases; controls retained,129,NaN,NaN,apparent R2,0.435491135209282,NaN,NaN,0.215443469003188,1.80520311376376e-17,965.26712707841,8622db34a6ecee9ee56dd835340d540388c9b1c6e81df68f0ac336d487f1f20c,COMPLETED,
SDMT,SDMTcorrect,FA,FA,Motor-only,1,Age+GenderNum,standard+motor complete cases; controls retained,129,NaN,NaN,apparent R2,0.385162136084922,NaN,NaN,0.0403701725859655,2.63591227381485e-06,980.284050852848,8622db34a6ecee9ee56dd835340d540388c9b1c6e81df68f0ac336d487f1f20c,COMPLETED,
SDMT,SDMTcorrect,FA,FA,Standard+Motor,1,Age+GenderNum,standard+motor complete cases; controls retained,129,NaN,NaN,apparent R2,0.515886007056934,NaN,NaN,0.215443469003188,6.04813619107712e-13,949.448123627822,8622db34a6ecee9ee56dd835340d540388c9b1c6e81df68f0ac336d487f1f20c,COMPLETED,
MSFC-SDMT,MSFC_SDMT,FA,FA,Motor-only,0,none,standard+motor complete cases; controls retained,124,NaN,NaN,apparent R2,0.162872945556715,NaN,NaN,0.162975083462064,3.35554434815777e-06,277.104901651505,1fd66858132f92ed1d4f5be65f2bf25d7e547a07f86cdf93efe6c2bc4c98508a,COMPLETED,
MSFC-SDMT,MSFC_SDMT,FA,FA,Standard+Motor,0,none,standard+motor complete cases; controls retained,124,NaN,NaN,apparent R2,0.396164213243,NaN,NaN,0.497702356433211,4.89549039543134e-15,236.597378766526,1fd66858132f92ed1d4f5be65f2bf25d7e547a07f86cdf93efe6c2bc4c98508a,COMPLETED,
MSFC-SDMT,MSFC_SDMT,FA,FA,Motor-only,1,Age+GenderNum,standard+motor complete cases; controls retained,124,NaN,NaN,apparent R2,0.322008662021057,NaN,NaN,0.162975083462064,1.19131389656243e-05,254.960574948859,1fd66858132f92ed1d4f5be65f2bf25d7e547a07f86cdf93efe6c2bc4c98508a,COMPLETED,
MSFC-SDMT,MSFC_SDMT,FA,FA,Standard+Motor,1,Age+GenderNum,standard+motor complete cases; controls retained,124,NaN,NaN,apparent R2,0.46287158854597,NaN,NaN,0.497702356433211,7.04821364230911e-12,226.081307440084,1fd66858132f92ed1d4f5be65f2bf25d7e547a07f86cdf93efe6c2bc4c98508a,COMPLETED,
EDSS,EDSS,MD,MD,Motor-only,0,none,MS joint standard+motor+classical complete cases,79,39,40,apparent AUC,0.725744708383473,0.604449133518901,0.835160672660673,4.09491506238043,0.00214635757635739,100.120608343238,25bd4f09525df2d10ad809b0d139f1b83ba897def66ff3036aa6420156e40615,COMPLETED,
EDSS,EDSS,MD,MD,Standard+Motor,0,none,MS joint standard+motor+classical complete cases,79,39,40,apparent AUC,0.870207116919094,0.785622593068036,0.942948717948718,0.138949549437314,7.01438817168846e-06,75.3936372295851,25bd4f09525df2d10ad809b0d139f1b83ba897def66ff3036aa6420156e40615,COMPLETED,
EDSS,EDSS,MD,MD,Motor-only,1,Age+GenderNum+DurationOfDisease,MS joint standard+motor+classical complete cases,79,39,40,apparent AUC,0.857994103541643,0.774421221147794,0.928759127362072,4.09491506238043,0.0009995832124516,81.7076278387406,25bd4f09525df2d10ad809b0d139f1b83ba897def66ff3036aa6420156e40615,COMPLETED,
EDSS,EDSS,MD,MD,Standard+Motor,1,Age+GenderNum+DurationOfDisease,MS joint standard+motor+classical complete cases,79,39,40,apparent AUC,0.894916969996971,0.81968764249886,0.95702371548007,0.138949549437314,0.000421244773419334,74.7959002130403,25bd4f09525df2d10ad809b0d139f1b83ba897def66ff3036aa6420156e40615,COMPLETED,
MSPro,MSPro,MD,MD,Motor-only,0,none,MS joint standard+motor+classical complete cases,78,39,39,apparent AUC,0.596729497736499,0.471538830967451,0.717138490164806,7.19685673001152,0.126639239688644,109.571175409751,1e6bf77e43daa1f31095d58ad0edc1918e05bccdee0f6c461bfac9ee100c614d,COMPLETED,
MSPro,MSPro,MD,MD,Standard+Motor,0,none,MS joint standard+motor+classical complete cases,78,39,39,apparent AUC,0.890179650720186,0.813289036544851,0.953056696974996,0.079060432109077,2.28829999261211e-06,67.2938463159817,1e6bf77e43daa1f31095d58ad0edc1918e05bccdee0f6c461bfac9ee100c614d,COMPLETED,
MSPro,MSPro,MD,MD,Motor-only,1,Age+GenderNum+DurationOfDisease,MS joint standard+motor+classical complete cases,78,39,39,apparent AUC,0.925098689919712,0.860225694721553,0.974342105263158,7.19685673001152,0.0279333134786467,64.6671331630924,1e6bf77e43daa1f31095d58ad0edc1918e05bccdee0f6c461bfac9ee100c614d,COMPLETED,
MSPro,MSPro,MD,MD,Standard+Motor,1,Age+GenderNum+DurationOfDisease,MS joint standard+motor+classical complete cases,78,39,39,apparent AUC,0.963782366058227,0.915622940013184,0.996698571393693,0.079060432109077,0.000623743651449396,47.5349427866904,1e6bf77e43daa1f31095d58ad0edc1918e05bccdee0f6c461bfac9ee100c614d,COMPLETED,
T25FW,T25FW,MD,MD,Motor-only,0,none,standard+motor complete cases; controls retained,125,NaN,NaN,apparent R2,0.221334567219769,NaN,NaN,0.123284673944207,3.09161557305474e-08,84.6912039075975,57802f833369f0e427c83ba66e965ece8c1cc2df8d0d68e5b5e99679b3886161,COMPLETED,
T25FW,T25FW,MD,MD,Standard+Motor,0,none,standard+motor complete cases; controls retained,125,NaN,NaN,apparent R2,0.378311019354892,NaN,NaN,1.14975699539774,2.32484624613415e-14,56.5485121451496,57802f833369f0e427c83ba66e965ece8c1cc2df8d0d68e5b5e99679b3886161,COMPLETED,
T25FW,T25FW,MD,MD,Motor-only,1,Age+GenderNum,standard+motor complete cases; controls retained,125,NaN,NaN,apparent R2,0.349576746713037,NaN,NaN,0.123284673944207,1.35043071844735e-07,66.1964338096485,57802f833369f0e427c83ba66e965ece8c1cc2df8d0d68e5b5e99679b3886161,COMPLETED,
T25FW,T25FW,MD,MD,Standard+Motor,1,Age+GenderNum,standard+motor complete cases; controls retained,125,NaN,NaN,apparent R2,0.431680381354504,NaN,NaN,1.14975699539774,3.19072436243156e-11,49.3290162424059,57802f833369f0e427c83ba66e965ece8c1cc2df8d0d68e5b5e99679b3886161,COMPLETED,
9HPT-D,x9HPTD,MD,MD,Motor-only,0,none,standard+motor complete cases; controls retained,128,NaN,NaN,apparent R2,0.191485967020968,NaN,NaN,0.497702356433211,2.40339104790759e-07,-40.4425839783723,ab9b3bc5742c46b91bd47d4b1a6a6fab1d401c558f222e021c470739aa1f052e,COMPLETED,
9HPT-D,x9HPTD,MD,MD,Standard+Motor,0,none,standard+motor complete cases; controls retained,128,NaN,NaN,apparent R2,0.2406076238188,NaN,NaN,2.65608778294669,4.16375213115083e-09,-48.4655506591014,ab9b3bc5742c46b91bd47d4b1a6a6fab1d401c558f222e021c470739aa1f052e,COMPLETED,
9HPT-D,x9HPTD,MD,MD,Motor-only,1,Age+GenderNum,standard+motor complete cases; controls retained,128,NaN,NaN,apparent R2,0.250247139024294,NaN,NaN,0.497702356433211,1.4422418792652e-06,-46.1007474530809,ab9b3bc5742c46b91bd47d4b1a6a6fab1d401c558f222e021c470739aa1f052e,COMPLETED,
9HPT-D,x9HPTD,MD,MD,Standard+Motor,1,Age+GenderNum,standard+motor complete cases; controls retained,128,NaN,NaN,apparent R2,0.267723358286408,NaN,NaN,2.65608778294669,3.180811866166e-07,-49.1196613890183,ab9b3bc5742c46b91bd47d4b1a6a6fab1d401c558f222e021c470739aa1f052e,COMPLETED,
9HPT-ND,x9HPTND,MD,MD,Motor-only,0,none,standard+motor complete cases; controls retained,128,NaN,NaN,apparent R2,0.344774329787009,NaN,NaN,0.376493580679247,3.22495962887947e-13,-18.7613576220913,9bbc2a830f286d8254f4bc67626f029c9cd08965c6bd2ff316863d934e3f9ec1,COMPLETED,
9HPT-ND,x9HPTND,MD,MD,Standard+Motor,0,none,standard+motor complete cases; controls retained,128,NaN,NaN,apparent R2,0.418933946227509,NaN,NaN,1.51991108295293,1.51858877140017e-16,-34.1361122826567,9bbc2a830f286d8254f4bc67626f029c9cd08965c6bd2ff316863d934e3f9ec1,COMPLETED,
9HPT-ND,x9HPTND,MD,MD,Motor-only,1,Age+GenderNum,standard+motor complete cases; controls retained,128,NaN,NaN,apparent R2,0.433138881258588,NaN,NaN,0.376493580679247,3.77469522939453e-13,-33.3041259727521,9bbc2a830f286d8254f4bc67626f029c9cd08965c6bd2ff316863d934e3f9ec1,COMPLETED,
9HPT-ND,x9HPTND,MD,MD,Standard+Motor,1,Age+GenderNum,standard+motor complete cases; controls retained,128,NaN,NaN,apparent R2,0.463526387579926,NaN,NaN,1.51991108295293,1.1840257399961e-14,-40.3565364752518,9bbc2a830f286d8254f4bc67626f029c9cd08965c6bd2ff316863d934e3f9ec1,COMPLETED,
SDMT,SDMTcorrect,MD,MD,Motor-only,0,none,standard+motor complete cases; controls retained,129,NaN,NaN,apparent R2,0.253989026586169,NaN,NaN,0.376493580679247,1.13948605940162e-09,1001.2302917818,8622db34a6ecee9ee56dd835340d540388c9b1c6e81df68f0ac336d487f1f20c,COMPLETED,
SDMT,SDMTcorrect,MD,MD,Standard+Motor,0,none,standard+motor complete cases; controls retained,129,NaN,NaN,apparent R2,0.397897923422249,NaN,NaN,0.869749002617783,1.13082409597869e-15,973.583873965,8622db34a6ecee9ee56dd835340d540388c9b1c6e81df68f0ac336d487f1f20c,COMPLETED,
SDMT,SDMTcorrect,MD,MD,Motor-only,1,Age+GenderNum,standard+motor complete cases; controls retained,129,NaN,NaN,apparent R2,0.445100335280031,NaN,NaN,0.376493580679247,3.58488256015547e-09,967.052355213832,8622db34a6ecee9ee56dd835340d540388c9b1c6e81df68f0ac336d487f1f20c,COMPLETED,
SDMT,SDMTcorrect,MD,MD,Standard+Motor,1,Age+GenderNum,standard+motor complete cases; controls retained,129,NaN,NaN,apparent R2,0.488875808903897,NaN,NaN,0.869749002617783,1.90109250644738e-11,956.45181671746,8622db34a6ecee9ee56dd835340d540388c9b1c6e81df68f0ac336d487f1f20c,COMPLETED,
MSFC-SDMT,MSFC_SDMT,MD,MD,Motor-only,0,none,standard+motor complete cases; controls retained,124,NaN,NaN,apparent R2,0.294406621657051,NaN,NaN,0.28480358684358,7.53688835537487e-11,255.908746365341,1fd66858132f92ed1d4f5be65f2bf25d7e547a07f86cdf93efe6c2bc4c98508a,COMPLETED,
MSFC-SDMT,MSFC_SDMT,MD,MD,Standard+Motor,0,none,standard+motor complete cases; controls retained,124,NaN,NaN,apparent R2,0.445746186079575,NaN,NaN,0.869749002617783,2.48487097138296e-17,225.97311394166,1fd66858132f92ed1d4f5be65f2bf25d7e547a07f86cdf93efe6c2bc4c98508a,COMPLETED,
MSFC-SDMT,MSFC_SDMT,MD,MD,Motor-only,1,Age+GenderNum,standard+motor complete cases; controls retained,124,NaN,NaN,apparent R2,0.436666988510716,NaN,NaN,0.28480358684358,1.29224305836696e-10,231.987893001889,1fd66858132f92ed1d4f5be65f2bf25d7e547a07f86cdf93efe6c2bc4c98508a,COMPLETED,
MSFC-SDMT,MSFC_SDMT,MD,MD,Standard+Motor,1,Age+GenderNum,standard+motor complete cases; controls retained,124,NaN,NaN,apparent R2,0.496631993923666,NaN,NaN,0.869749002617783,1.35233880868654e-13,218.031764560384,1fd66858132f92ed1d4f5be65f2bf25d7e547a07f86cdf93efe6c2bc4c98508a,COMPLETED,
EDSS,EDSS,NDI,NDI,Motor-only,0,none,MS joint standard+motor+classical complete cases,79,39,40,apparent AUC,0.721814185694472,0.598018053375196,0.833653846153846,0.000868511373751353,0.00120518736130413,99.2534794270621,25bd4f09525df2d10ad809b0d139f1b83ba897def66ff3036aa6420156e40615,COMPLETED,
EDSS,EDSS,NDI,NDI,Standard+Motor,0,none,MS joint standard+motor+classical complete cases,79,39,40,apparent AUC,0.965730227862877,0.928804797353184,0.991014120667522,0.000868511373751353,1.53871611724858e-05,42.3836446900282,25bd4f09525df2d10ad809b0d139f1b83ba897def66ff3036aa6420156e40615,COMPLETED,
EDSS,EDSS,NDI,NDI,Motor-only,1,Age+GenderNum+DurationOfDisease,MS joint standard+motor+classical complete cases,79,39,40,apparent AUC,0.880056704492817,0.802639042302296,0.943006368144177,0.000868511373751353,0.000453386219368597,76.9593298567705,25bd4f09525df2d10ad809b0d139f1b83ba897def66ff3036aa6420156e40615,COMPLETED,
EDSS,EDSS,NDI,NDI,Standard+Motor,1,Age+GenderNum+DurationOfDisease,MS joint standard+motor+classical complete cases,79,39,40,apparent AUC,0.972938366885873,0.941332916145181,0.994223363286264,0.000868511373751353,0.000143365405966599,46.2797241569906,25bd4f09525df2d10ad809b0d139f1b83ba897def66ff3036aa6420156e40615,COMPLETED,
MSPro,MSPro,NDI,NDI,Motor-only,0,none,MS joint standard+motor+classical complete cases,78,39,39,apparent AUC,0.576764434402937,0.447450697450697,0.705098646223817,0.079060432109077,0.176468054116685,110.084559723647,1e6bf77e43daa1f31095d58ad0edc1918e05bccdee0f6c461bfac9ee100c614d,COMPLETED,
MSPro,MSPro,NDI,NDI,Standard+Motor,0,none,MS joint standard+motor+classical complete cases,78,39,39,apparent AUC,0.731896087324323,0.619126530104642,0.842592592592593,1.32571136559011,0.00227471388328634,100.305107843078,1e6bf77e43daa1f31095d58ad0edc1918e05bccdee0f6c461bfac9ee100c614d,COMPLETED,
MSPro,MSPro,NDI,NDI,Motor-only,1,Age+GenderNum+DurationOfDisease,MS joint standard+motor+classical complete cases,78,39,39,apparent AUC,0.922569635633319,0.859551877262074,0.972574023736814,0.079060432109077,0.022393661619852,64.3709540790695,1e6bf77e43daa1f31095d58ad0edc1918e05bccdee0f6c461bfac9ee100c614d,COMPLETED,
MSPro,MSPro,NDI,NDI,Standard+Motor,1,Age+GenderNum+DurationOfDisease,MS joint standard+motor+classical complete cases,78,39,39,apparent AUC,0.928445907820776,0.86509675593386,0.975306637806638,1.32571136559011,0.0104721188589953,62.2818451530224,1e6bf77e43daa1f31095d58ad0edc1918e05bccdee0f6c461bfac9ee100c614d,COMPLETED,
T25FW,T25FW,NDI,NDI,Motor-only,0,none,standard+motor complete cases; controls retained,125,NaN,NaN,apparent R2,0.164318291222208,NaN,NaN,0.093260334688322,2.73904823558867e-06,93.5244962572022,57802f833369f0e427c83ba66e965ece8c1cc2df8d0d68e5b5e99679b3886161,COMPLETED,
T25FW,T25FW,NDI,NDI,Standard+Motor,0,none,standard+motor complete cases; controls retained,125,NaN,NaN,apparent R2,0.324042207565932,NaN,NaN,0.869749002617783,4.3041358217594e-12,67.0098496828032,57802f833369f0e427c83ba66e965ece8c1cc2df8d0d68e5b5e99679b3886161,COMPLETED,
T25FW,T25FW,NDI,NDI,Motor-only,1,Age+GenderNum,standard+motor complete cases; controls retained,125,NaN,NaN,apparent R2,0.336160552732814,NaN,NaN,0.093260334688322,4.82651753042627e-07,68.7485605688871,57802f833369f0e427c83ba66e965ece8c1cc2df8d0d68e5b5e99679b3886161,COMPLETED,
T25FW,T25FW,NDI,NDI,Standard+Motor,1,Age+GenderNum,standard+motor complete cases; controls retained,125,NaN,NaN,apparent R2,0.413067192175869,NaN,NaN,0.869749002617783,2.32556743225841e-10,53.3573133491065,57802f833369f0e427c83ba66e965ece8c1cc2df8d0d68e5b5e99679b3886161,COMPLETED,
9HPT-D,x9HPTD,NDI,NDI,Motor-only,0,none,standard+motor complete cases; controls retained,128,NaN,NaN,apparent R2,0.199625809330106,NaN,NaN,0.0132194114846603,1.24612294947536e-07,-41.7377748934987,ab9b3bc5742c46b91bd47d4b1a6a6fab1d401c558f222e021c470739aa1f052e,COMPLETED,
9HPT-D,x9HPTD,NDI,NDI,Standard+Motor,0,none,standard+motor complete cases; controls retained,128,NaN,NaN,apparent R2,0.385322486922027,NaN,NaN,0.215443469003188,5.46394577049251e-15,-75.527419098516,ab9b3bc5742c46b91bd47d4b1a6a6fab1d401c558f222e021c470739aa1f052e,COMPLETED,
9HPT-D,x9HPTD,NDI,NDI,Motor-only,1,Age+GenderNum,standard+motor complete cases; controls retained,128,NaN,NaN,apparent R2,0.268596682976543,NaN,NaN,0.0132194114846603,2.94705903051945e-07,-49.2724073126548,ab9b3bc5742c46b91bd47d4b1a6a6fab1d401c558f222e021c470739aa1f052e,COMPLETED,
9HPT-D,x9HPTD,NDI,NDI,Standard+Motor,1,Age+GenderNum,standard+motor complete cases; controls retained,128,NaN,NaN,apparent R2,0.391452044090686,NaN,NaN,0.215443469003188,2.56057491742645e-12,-72.8102404663148,ab9b3bc5742c46b91bd47d4b1a6a6fab1d401c558f222e021c470739aa1f052e,COMPLETED,
9HPT-ND,x9HPTND,NDI,NDI,Motor-only,0,none,standard+motor complete cases; controls retained,128,NaN,NaN,apparent R2,0.290702300329145,NaN,NaN,0.0174752840000768,5.16945818913258e-11,-8.61151901319184,9bbc2a830f286d8254f4bc67626f029c9cd08965c6bd2ff316863d934e3f9ec1,COMPLETED,
9HPT-ND,x9HPTND,NDI,NDI,Standard+Motor,0,none,standard+motor complete cases; controls retained,128,NaN,NaN,apparent R2,0.457954208156648,NaN,NaN,0.376493580679247,1.82314003296422e-18,-43.0338985893156,9bbc2a830f286d8254f4bc67626f029c9cd08965c6bd2ff316863d934e3f9ec1,COMPLETED,
9HPT-ND,x9HPTND,NDI,NDI,Motor-only,1,Age+GenderNum,standard+motor complete cases; controls retained,128,NaN,NaN,apparent R2,0.402355385116566,NaN,NaN,0.0174752840000768,1.05461046310306e-11,-26.5352357885015,9bbc2a830f286d8254f4bc67626f029c9cd08965c6bd2ff316863d934e3f9ec1,COMPLETED,
9HPT-ND,x9HPTND,NDI,NDI,Standard+Motor,1,Age+GenderNum,standard+motor complete cases; controls retained,128,NaN,NaN,apparent R2,0.497575325372264,NaN,NaN,0.376493580679247,1.93811577472764e-16,-48.7497075119537,9bbc2a830f286d8254f4bc67626f029c9cd08965c6bd2ff316863d934e3f9ec1,COMPLETED,
SDMT,SDMTcorrect,NDI,NDI,Motor-only,0,none,standard+motor complete cases; controls retained,129,NaN,NaN,apparent R2,0.218569429048561,NaN,NaN,0.00107226722201032,2.32605260780496e-08,1007.21408518792,8622db34a6ecee9ee56dd835340d540388c9b1c6e81df68f0ac336d487f1f20c,COMPLETED,
SDMT,SDMTcorrect,NDI,NDI,Standard+Motor,0,none,standard+motor complete cases; controls retained,129,NaN,NaN,apparent R2,0.446769148932507,NaN,NaN,0.376493580679247,4.95019879685012e-18,962.663814115381,8622db34a6ecee9ee56dd835340d540388c9b1c6e81df68f0ac336d487f1f20c,COMPLETED,
SDMT,SDMTcorrect,NDI,NDI,Motor-only,1,Age+GenderNum,standard+motor complete cases; controls retained,129,NaN,NaN,apparent R2,0.432272966016462,NaN,NaN,0.00107226722201032,1.54868210414464e-08,970.000445893465,8622db34a6ecee9ee56dd835340d540388c9b1c6e81df68f0ac336d487f1f20c,COMPLETED,
SDMT,SDMTcorrect,NDI,NDI,Standard+Motor,1,Age+GenderNum,standard+motor complete cases; controls retained,129,NaN,NaN,apparent R2,0.53545218849244,NaN,NaN,0.376493580679247,4.4270143995108e-14,944.126110268601,8622db34a6ecee9ee56dd835340d540388c9b1c6e81df68f0ac336d487f1f20c,COMPLETED,
MSFC-SDMT,MSFC_SDMT,NDI,NDI,Motor-only,0,none,standard+motor complete cases; controls retained,124,NaN,NaN,apparent R2,0.262151214157662,NaN,NaN,0.00432876128108306,1.21686668720843e-09,261.451519849133,1fd66858132f92ed1d4f5be65f2bf25d7e547a07f86cdf93efe6c2bc4c98508a,COMPLETED,
MSFC-SDMT,MSFC_SDMT,NDI,NDI,Standard+Motor,0,none,standard+motor complete cases; controls retained,124,NaN,NaN,apparent R2,0.490797460123875,NaN,NaN,0.28480358684358,1.34642237758952e-19,215.46078143471,1fd66858132f92ed1d4f5be65f2bf25d7e547a07f86cdf93efe6c2bc4c98508a,COMPLETED,
MSFC-SDMT,MSFC_SDMT,NDI,NDI,Motor-only,1,Age+GenderNum,standard+motor complete cases; controls retained,124,NaN,NaN,apparent R2,0.430713221910047,NaN,NaN,0.00432876128108306,2.45829969819517e-10,233.291550002,1fd66858132f92ed1d4f5be65f2bf25d7e547a07f86cdf93efe6c2bc4c98508a,COMPLETED,
MSFC-SDMT,MSFC_SDMT,NDI,NDI,Standard+Motor,1,Age+GenderNum,standard+motor complete cases; controls retained,124,NaN,NaN,apparent R2,0.538940189753141,NaN,NaN,0.28480358684358,6.53455117876214e-16,207.145339535612,1fd66858132f92ed1d4f5be65f2bf25d7e547a07f86cdf93efe6c2bc4c98508a,COMPLETED,
EDSS,EDSS,ODI,ODI,Motor-only,0,none,MS joint standard+motor+classical complete cases,79,39,40,apparent AUC,0.541198796929686,0.415009792304401,0.66501976284585,2.32995181051537,0.553430198943737,113.151042313358,25bd4f09525df2d10ad809b0d139f1b83ba897def66ff3036aa6420156e40615,COMPLETED,
EDSS,EDSS,ODI,ODI,Standard+Motor,0,none,MS joint standard+motor+classical complete cases,79,39,40,apparent AUC,0.911117054914615,0.834616622116622,0.971014492753623,0.000494171336132383,9.90271755040971e-06,65.3267315106016,25bd4f09525df2d10ad809b0d139f1b83ba897def66ff3036aa6420156e40615,COMPLETED,
EDSS,EDSS,ODI,ODI,Motor-only,1,Age+GenderNum+DurationOfDisease,MS joint standard+motor+classical complete cases,79,39,40,apparent AUC,0.777732937187822,0.668269230769231,0.875263738289679,2.32995181051537,0.784449496256451,97.7872066411183,25bd4f09525df2d10ad809b0d139f1b83ba897def66ff3036aa6420156e40615,COMPLETED,
EDSS,EDSS,ODI,ODI,Standard+Motor,1,Age+GenderNum+DurationOfDisease,MS joint standard+motor+classical complete cases,79,39,40,apparent AUC,0.932974428059136,0.869193487671749,0.981362437074889,0.000494171336132383,6.64565742879049e-05,63.216837796573,25bd4f09525df2d10ad809b0d139f1b83ba897def66ff3036aa6420156e40615,COMPLETED,
MSPro,MSPro,ODI,ODI,Motor-only,0,none,MS joint standard+motor+classical complete cases,78,39,39,apparent AUC,0.553210477243688,0.427535549486769,0.68653864507523,33932.2177189533,0.445556930594587,111.541809752781,1e6bf77e43daa1f31095d58ad0edc1918e05bccdee0f6c461bfac9ee100c614d,COMPLETED,
MSPro,MSPro,ODI,ODI,Standard+Motor,0,none,MS joint standard+motor+classical complete cases,78,39,39,apparent AUC,0.919387741499831,0.84890873015873,0.970394736842105,0.0145634847750124,2.03080941924367e-05,60.9184345139451,1e6bf77e43daa1f31095d58ad0edc1918e05bccdee0f6c461bfac9ee100c614d,COMPLETED,
MSPro,MSPro,ODI,ODI,Motor-only,1,Age+GenderNum+DurationOfDisease,MS joint standard+motor+classical complete cases,78,39,39,apparent AUC,0.913229408815781,0.840173493321537,0.97058916039238,33932.2177189533,0.688861875823437,69.5360878308445,1e6bf77e43daa1f31095d58ad0edc1918e05bccdee0f6c461bfac9ee100c614d,COMPLETED,
MSPro,MSPro,ODI,ODI,Standard+Motor,1,Age+GenderNum+DurationOfDisease,MS joint standard+motor+classical complete cases,78,39,39,apparent AUC,0.970748259465121,0.935439925571504,0.993397142787387,0.0145634847750124,0.000822902788506537,44.3702614217944,1e6bf77e43daa1f31095d58ad0edc1918e05bccdee0f6c461bfac9ee100c614d,COMPLETED,
T25FW,T25FW,ODI,ODI,Motor-only,0,none,standard+motor complete cases; controls retained,125,NaN,NaN,apparent R2,0.0519412519302286,NaN,NaN,0.376493580679247,0.0105821175148365,109.29557893364,57802f833369f0e427c83ba66e965ece8c1cc2df8d0d68e5b5e99679b3886161,COMPLETED,
T25FW,T25FW,ODI,ODI,Standard+Motor,0,none,standard+motor complete cases; controls retained,125,NaN,NaN,apparent R2,0.133657640464706,NaN,NaN,4.64158883361278,2.75947995061649e-05,98.0285406714037,57802f833369f0e427c83ba66e965ece8c1cc2df8d0d68e5b5e99679b3886161,COMPLETED,
T25FW,T25FW,ODI,ODI,Motor-only,1,Age+GenderNum,standard+motor complete cases; controls retained,125,NaN,NaN,apparent R2,0.217101287605466,NaN,NaN,0.376493580679247,0.0195463248150987,89.3689362309376,57802f833369f0e427c83ba66e965ece8c1cc2df8d0d68e5b5e99679b3886161,COMPLETED,
T25FW,T25FW,ODI,ODI,Standard+Motor,1,Age+GenderNum,standard+motor complete cases; controls retained,125,NaN,NaN,apparent R2,0.259396693338473,NaN,NaN,4.64158883361278,0.000492272038848409,82.4266617384229,57802f833369f0e427c83ba66e965ece8c1cc2df8d0d68e5b5e99679b3886161,COMPLETED,
9HPT-D,x9HPTD,ODI,ODI,Motor-only,0,none,standard+motor complete cases; controls retained,128,NaN,NaN,apparent R2,0.137000712310899,NaN,NaN,0.00572236765935021,1.70583305884638e-05,-32.0949577358605,ab9b3bc5742c46b91bd47d4b1a6a6fab1d401c558f222e021c470739aa1f052e,COMPLETED,
9HPT-D,x9HPTD,ODI,ODI,Standard+Motor,0,none,standard+motor complete cases; controls retained,128,NaN,NaN,apparent R2,0.256498885077977,NaN,NaN,0.657933224657568,1.06598949131998e-09,-51.1725385660565,ab9b3bc5742c46b91bd47d4b1a6a6fab1d401c558f222e021c470739aa1f052e,COMPLETED,
9HPT-D,x9HPTD,ODI,ODI,Motor-only,1,Age+GenderNum,standard+motor complete cases; controls retained,128,NaN,NaN,apparent R2,0.210522783188802,NaN,NaN,0.00572236765935021,4.05221785220678e-05,-39.4924476761424,ab9b3bc5742c46b91bd47d4b1a6a6fab1d401c558f222e021c470739aa1f052e,COMPLETED,
9HPT-D,x9HPTD,ODI,ODI,Standard+Motor,1,Age+GenderNum,standard+motor complete cases; controls retained,128,NaN,NaN,apparent R2,0.297463684955684,NaN,NaN,0.657933224657568,2.25913796333577e-08,-54.4267045273859,ab9b3bc5742c46b91bd47d4b1a6a6fab1d401c558f222e021c470739aa1f052e,COMPLETED,
9HPT-ND,x9HPTND,ODI,ODI,Motor-only,0,none,standard+motor complete cases; controls retained,128,NaN,NaN,apparent R2,0.0829103081964814,NaN,NaN,0.0533669923120631,0.000981351880700971,24.2755148946187,9bbc2a830f286d8254f4bc67626f029c9cd08965c6bd2ff316863d934e3f9ec1,COMPLETED,
9HPT-ND,x9HPTND,ODI,ODI,Standard+Motor,0,none,standard+motor complete cases; controls retained,128,NaN,NaN,apparent R2,0.382750341534323,NaN,NaN,0.162975083462064,7.1311160307379e-15,-26.4037430382873,9bbc2a830f286d8254f4bc67626f029c9cd08965c6bd2ff316863d934e3f9ec1,COMPLETED,
9HPT-ND,x9HPTND,ODI,ODI,Motor-only,1,Age+GenderNum,standard+motor complete cases; controls retained,128,NaN,NaN,apparent R2,0.222234759129004,NaN,NaN,0.0533669923120631,0.000216139638616287,7.18360502981791,9bbc2a830f286d8254f4bc67626f029c9cd08965c6bd2ff316863d934e3f9ec1,COMPLETED,
9HPT-ND,x9HPTND,ODI,ODI,Standard+Motor,1,Age+GenderNum,standard+motor complete cases; controls retained,128,NaN,NaN,apparent R2,0.43405903291103,NaN,NaN,0.162975083462064,3.40805195580442e-13,-33.5120695118562,9bbc2a830f286d8254f4bc67626f029c9cd08965c6bd2ff316863d934e3f9ec1,COMPLETED,
SDMT,SDMTcorrect,ODI,ODI,Motor-only,0,none,standard+motor complete cases; controls retained,129,NaN,NaN,apparent R2,0.100500987482209,NaN,NaN,0.0533669923120631,0.000251743258814864,1025.36588809156,8622db34a6ecee9ee56dd835340d540388c9b1c6e81df68f0ac336d487f1f20c,COMPLETED,
SDMT,SDMTcorrect,ODI,ODI,Standard+Motor,0,none,standard+motor complete cases; controls retained,129,NaN,NaN,apparent R2,0.403262622241827,NaN,NaN,0.215443469003188,6.36467797448934e-16,972.429339444728,8622db34a6ecee9ee56dd835340d540388c9b1c6e81df68f0ac336d487f1f20c,COMPLETED,
SDMT,SDMTcorrect,ODI,ODI,Motor-only,1,Age+GenderNum,standard+motor complete cases; controls retained,129,NaN,NaN,apparent R2,0.321526474589802,NaN,NaN,0.0533669923120631,0.00174313042085886,992.988856061603,8622db34a6ecee9ee56dd835340d540388c9b1c6e81df68f0ac336d487f1f20c,COMPLETED,
SDMT,SDMTcorrect,ODI,ODI,Standard+Motor,1,Age+GenderNum,standard+motor complete cases; controls retained,129,NaN,NaN,apparent R2,0.48312680622932,NaN,NaN,0.215443469003188,3.87258404839582e-11,957.894678513708,8622db34a6ecee9ee56dd835340d540388c9b1c6e81df68f0ac336d487f1f20c,COMPLETED,
MSFC-SDMT,MSFC_SDMT,ODI,ODI,Motor-only,0,none,standard+motor complete cases; controls retained,124,NaN,NaN,apparent R2,0.0894397606505547,NaN,NaN,0.0533669923120631,0.000740622159203048,287.531342615395,1fd66858132f92ed1d4f5be65f2bf25d7e547a07f86cdf93efe6c2bc4c98508a,COMPLETED,
MSFC-SDMT,MSFC_SDMT,ODI,ODI,Standard+Motor,0,none,standard+motor complete cases; controls retained,124,NaN,NaN,apparent R2,0.358757718137166,NaN,NaN,0.215443469003188,2.00802022195239e-13,244.050408139879,1fd66858132f92ed1d4f5be65f2bf25d7e547a07f86cdf93efe6c2bc4c98508a,COMPLETED,
MSFC-SDMT,MSFC_SDMT,ODI,ODI,Motor-only,1,Age+GenderNum,standard+motor complete cases; controls retained,124,NaN,NaN,apparent R2,0.270135372349323,NaN,NaN,0.0533669923120631,0.00128341993891811,264.10242080489,1fd66858132f92ed1d4f5be65f2bf25d7e547a07f86cdf93efe6c2bc4c98508a,COMPLETED,
MSFC-SDMT,MSFC_SDMT,ODI,ODI,Standard+Motor,1,Age+GenderNum,standard+motor complete cases; controls retained,124,NaN,NaN,apparent R2,0.426975968899323,NaN,NaN,0.215443469003188,3.66908434059815e-10,234.102924670007,1fd66858132f92ed1d4f5be65f2bf25d7e547a07f86cdf93efe6c2bc4c98508a,COMPLETED,
EDSS,EDSS,FWF,ISOVF,Motor-only,0,none,MS joint standard+motor+classical complete cases,79,39,40,apparent AUC,0.773304940619971,0.659449252207873,0.874262823167281,0.00268269579527973,0.000749420702465286,96.0037791606681,25bd4f09525df2d10ad809b0d139f1b83ba897def66ff3036aa6420156e40615,COMPLETED,
EDSS,EDSS,FWF,ISOVF,Standard+Motor,0,none,MS joint standard+motor+classical complete cases,79,39,40,apparent AUC,0.869357784645923,0.785243741765481,0.936415948915949,0.079060432109077,1.20391768338186e-05,72.7797696553093,25bd4f09525df2d10ad809b0d139f1b83ba897def66ff3036aa6420156e40615,COMPLETED,
EDSS,EDSS,FWF,ISOVF,Motor-only,1,Age+GenderNum+DurationOfDisease,MS joint standard+motor+classical complete cases,79,39,40,apparent AUC,0.856244981190788,0.769231894231894,0.928017521631129,0.00268269579527973,0.00304124943833669,83.4298888442228,25bd4f09525df2d10ad809b0d139f1b83ba897def66ff3036aa6420156e40615,COMPLETED,
EDSS,EDSS,FWF,ISOVF,Standard+Motor,1,Age+GenderNum+DurationOfDisease,MS joint standard+motor+classical complete cases,79,39,40,apparent AUC,0.897871139967549,0.826897439311232,0.955458333967571,0.079060432109077,0.000714922029410867,74.3898847771538,25bd4f09525df2d10ad809b0d139f1b83ba897def66ff3036aa6420156e40615,COMPLETED,
MSPro,MSPro,FWF,ISOVF,Motor-only,0,none,MS joint standard+motor+classical complete cases,78,39,39,apparent AUC,0.621566599907808,0.498498824429008,0.737088270826301,22.2299648252619,0.0384143277016863,107.057334369384,1e6bf77e43daa1f31095d58ad0edc1918e05bccdee0f6c461bfac9ee100c614d,COMPLETED,
MSPro,MSPro,FWF,ISOVF,Standard+Motor,0,none,MS joint standard+motor+classical complete cases,78,39,39,apparent AUC,0.869302730262795,0.781434775806258,0.940608465608466,0.138949549437314,8.08963958813313e-06,71.1426272946297,1e6bf77e43daa1f31095d58ad0edc1918e05bccdee0f6c461bfac9ee100c614d,COMPLETED,
MSPro,MSPro,FWF,ISOVF,Motor-only,1,Age+GenderNum+DurationOfDisease,MS joint standard+motor+classical complete cases,78,39,39,apparent AUC,0.919239238551045,0.852474870448446,0.97010418171313,22.2299648252619,0.0689666151173575,66.4133168045413,1e6bf77e43daa1f31095d58ad0edc1918e05bccdee0f6c461bfac9ee100c614d,COMPLETED,
MSPro,MSPro,FWF,ISOVF,Standard+Motor,1,Age+GenderNum+DurationOfDisease,MS joint standard+motor+classical complete cases,78,39,39,apparent AUC,0.964892224246119,0.921132376395534,0.994724648570802,0.138949549437314,0.00265552509247146,47.8104852302212,1e6bf77e43daa1f31095d58ad0edc1918e05bccdee0f6c461bfac9ee100c614d,COMPLETED,
T25FW,T25FW,FWF,ISOVF,Motor-only,0,none,standard+motor complete cases; controls retained,125,NaN,NaN,apparent R2,0.255490748709007,NaN,NaN,0.0403701725859655,1.83158478124407e-09,79.0841798529117,57802f833369f0e427c83ba66e965ece8c1cc2df8d0d68e5b5e99679b3886161,COMPLETED,
T25FW,T25FW,FWF,ISOVF,Standard+Motor,0,none,standard+motor complete cases; controls retained,125,NaN,NaN,apparent R2,0.338076192630373,NaN,NaN,1.14975699539774,1.16072888872924e-12,64.3873269127197,57802f833369f0e427c83ba66e965ece8c1cc2df8d0d68e5b5e99679b3886161,COMPLETED,
T25FW,T25FW,FWF,ISOVF,Motor-only,1,Age+GenderNum,standard+motor complete cases; controls retained,125,NaN,NaN,apparent R2,0.369824301170639,NaN,NaN,0.0403701725859655,1.89036836855942e-08,62.243353516376,57802f833369f0e427c83ba66e965ece8c1cc2df8d0d68e5b5e99679b3886161,COMPLETED,
T25FW,T25FW,FWF,ISOVF,Standard+Motor,1,Age+GenderNum,standard+motor complete cases; controls retained,125,NaN,NaN,apparent R2,0.389030404951978,NaN,NaN,1.14975699539774,2.77679536707743e-09,58.3744194905405,57802f833369f0e427c83ba66e965ece8c1cc2df8d0d68e5b5e99679b3886161,COMPLETED,
9HPT-D,x9HPTD,FWF,ISOVF,Motor-only,0,none,standard+motor complete cases; controls retained,128,NaN,NaN,apparent R2,0.226128934999834,NaN,NaN,0.093260334688322,1.40898074703009e-08,-46.048057085326,ab9b3bc5742c46b91bd47d4b1a6a6fab1d401c558f222e021c470739aa1f052e,COMPLETED,
9HPT-D,x9HPTD,FWF,ISOVF,Standard+Motor,0,none,standard+motor complete cases; controls retained,128,NaN,NaN,apparent R2,0.296728547143738,NaN,NaN,0.497702356433211,2.99058987147066e-11,-58.2928346617403,ab9b3bc5742c46b91bd47d4b1a6a6fab1d401c558f222e021c470739aa1f052e,COMPLETED,
9HPT-D,x9HPTD,FWF,ISOVF,Motor-only,1,Age+GenderNum,standard+motor complete cases; controls retained,128,NaN,NaN,apparent R2,0.260005924875655,NaN,NaN,0.093260334688322,6.22346901947857e-07,-47.7777335587629,ab9b3bc5742c46b91bd47d4b1a6a6fab1d401c558f222e021c470739aa1f052e,COMPLETED,
9HPT-D,x9HPTD,FWF,ISOVF,Standard+Motor,1,Age+GenderNum,standard+motor complete cases; controls retained,128,NaN,NaN,apparent R2,0.314071111504842,NaN,NaN,0.497702356433211,4.93961917565188e-09,-57.4888655025086,ab9b3bc5742c46b91bd47d4b1a6a6fab1d401c558f222e021c470739aa1f052e,COMPLETED,
9HPT-ND,x9HPTND,FWF,ISOVF,Motor-only,0,none,standard+motor complete cases; controls retained,128,NaN,NaN,apparent R2,0.333904135655368,NaN,NaN,0.123284673944207,9.2335692815191e-13,-16.655259744814,9bbc2a830f286d8254f4bc67626f029c9cd08965c6bd2ff316863d934e3f9ec1,COMPLETED,
9HPT-ND,x9HPTND,FWF,ISOVF,Standard+Motor,0,none,standard+motor complete cases; controls retained,128,NaN,NaN,apparent R2,0.452179114132574,NaN,NaN,0.215443469003188,3.57642899968614e-18,-41.6773676136822,9bbc2a830f286d8254f4bc67626f029c9cd08965c6bd2ff316863d934e3f9ec1,COMPLETED,
9HPT-ND,x9HPTND,FWF,ISOVF,Motor-only,1,Age+GenderNum,standard+motor complete cases; controls retained,128,NaN,NaN,apparent R2,0.382428661229143,NaN,NaN,0.123284673944207,8.35584968057955e-11,-22.337053080655,9bbc2a830f286d8254f4bc67626f029c9cd08965c6bd2ff316863d934e3f9ec1,COMPLETED,
9HPT-ND,x9HPTND,FWF,ISOVF,Standard+Motor,1,Age+GenderNum,standard+motor complete cases; controls retained,128,NaN,NaN,apparent R2,0.470451937219435,NaN,NaN,0.215443469003188,5.23832365882889e-15,-42.0196974527735,9bbc2a830f286d8254f4bc67626f029c9cd08965c6bd2ff316863d934e3f9ec1,COMPLETED,
SDMT,SDMTcorrect,FWF,ISOVF,Motor-only,0,none,standard+motor complete cases; controls retained,129,NaN,NaN,apparent R2,0.238025433492186,NaN,NaN,0.28480358684358,4.50717095869754e-09,1003.96159176383,8622db34a6ecee9ee56dd835340d540388c9b1c6e81df68f0ac336d487f1f20c,COMPLETED,
SDMT,SDMTcorrect,FWF,ISOVF,Standard+Motor,0,none,standard+motor complete cases; controls retained,129,NaN,NaN,apparent R2,0.384711918257249,NaN,NaN,0.376493580679247,4.54852818272601e-15,976.378477122887,8622db34a6ecee9ee56dd835340d540388c9b1c6e81df68f0ac336d487f1f20c,COMPLETED,
SDMT,SDMTcorrect,FWF,ISOVF,Motor-only,1,Age+GenderNum,standard+motor complete cases; controls retained,129,NaN,NaN,apparent R2,0.379994398950116,NaN,NaN,0.28480358684358,4.53879574865037e-06,981.363769863562,8622db34a6ecee9ee56dd835340d540388c9b1c6e81df68f0ac336d487f1f20c,COMPLETED,
SDMT,SDMTcorrect,FWF,ISOVF,Standard+Motor,1,Age+GenderNum,standard+motor complete cases; controls retained,129,NaN,NaN,apparent R2,0.452647996351699,NaN,NaN,0.376493580679247,1.49378874068516e-09,965.285674293055,8622db34a6ecee9ee56dd835340d540388c9b1c6e81df68f0ac336d487f1f20c,COMPLETED,
MSFC-SDMT,MSFC_SDMT,FWF,ISOVF,Motor-only,0,none,standard+motor complete cases; controls retained,124,NaN,NaN,apparent R2,0.319091015367839,NaN,NaN,0.0705480231071864,8.2635059983804e-12,251.493047765172,1fd66858132f92ed1d4f5be65f2bf25d7e547a07f86cdf93efe6c2bc4c98508a,COMPLETED,
MSFC-SDMT,MSFC_SDMT,FWF,ISOVF,Standard+Motor,0,none,standard+motor complete cases; controls retained,124,NaN,NaN,apparent R2,0.442683552858094,NaN,NaN,0.497702356433211,3.48925303537122e-17,226.656413043381,1fd66858132f92ed1d4f5be65f2bf25d7e547a07f86cdf93efe6c2bc4c98508a,COMPLETED,
MSFC-SDMT,MSFC_SDMT,FWF,ISOVF,Motor-only,1,Age+GenderNum,standard+motor complete cases; controls retained,124,NaN,NaN,apparent R2,0.414663876021479,NaN,NaN,0.0705480231071864,1.34948389354414e-09,236.73899084726,1fd66858132f92ed1d4f5be65f2bf25d7e547a07f86cdf93efe6c2bc4c98508a,COMPLETED,
MSFC-SDMT,MSFC_SDMT,FWF,ISOVF,Standard+Motor,1,Age+GenderNum,standard+motor complete cases; controls retained,124,NaN,NaN,apparent R2,0.474448731666464,NaN,NaN,0.497702356433211,1.86737391076342e-12,223.379416038648,1fd66858132f92ed1d4f5be65f2bf25d7e547a07f86cdf93efe6c2bc4c98508a,COMPLETED,
