Model,Metric,Outcome,Adjusted,N,PositiveN,NegativeN,PerformanceName,Performance,CI_lower,CI_upper,AIC,SubjectIDSetSHA256,Status,Blocker
Motor-only,T1,EDSS,0,,,,apparent AUC,,,,,,INPUTS_NOT_STAGED,Local staged motor masks/metric extraction required
Motor-only,T1,EDSS,1,,,,apparent AUC,,,,,,INPUTS_NOT_STAGED,Local staged motor masks/metric extraction required
Motor-only,T1,MSPro,0,,,,apparent AUC,,,,,,INPUTS_NOT_STAGED,Local staged motor masks/metric extraction required
Motor-only,T1,MSPro,1,,,,apparent AUC,,,,,,INPUTS_NOT_STAGED,Local staged motor masks/metric extraction required
Motor-only,T1,T25FW,0,,,,apparent R2,,,,,,INPUTS_NOT_STAGED,Local staged motor masks/metric extraction required
Motor-only,T1,T25FW,1,,,,apparent R2,,,,,,INPUTS_NOT_STAGED,Local staged motor masks/metric extraction required
Motor-only,T1,9HPT-D,0,,,,apparent R2,,,,,,INPUTS_NOT_STAGED,Local staged motor masks/metric extraction required
Motor-only,T1,9HPT-D,1,,,,apparent R2,,,,,,INPUTS_NOT_STAGED,Local staged motor masks/metric extraction required
Motor-only,T1,9HPT-ND,0,,,,apparent R2,,,,,,INPUTS_NOT_STAGED,Local staged motor masks/metric extraction required
Motor-only,T1,9HPT-ND,1,,,,apparent R2,,,,,,INPUTS_NOT_STAGED,Local staged motor masks/metric extraction required
Motor-only,T1,SDMT,0,,,,apparent R2,,,,,,INPUTS_NOT_STAGED,Local staged motor masks/metric extraction required
Motor-only,T1,SDMT,1,,,,apparent R2,,,,,,INPUTS_NOT_STAGED,Local staged motor masks/metric extraction required
Motor-only,T1,MSFC-SDMT,0,,,,apparent R2,,,,,,INPUTS_NOT_STAGED,Local staged motor masks/metric extraction required
Motor-only,T1,MSFC-SDMT,1,,,,apparent R2,,,,,,INPUTS_NOT_STAGED,Local staged motor masks/metric extraction required
Motor-only,MTR,EDSS,0,,,,apparent AUC,,,,,,INPUTS_NOT_STAGED,Local staged motor masks/metric extraction required
Motor-only,MTR,EDSS,1,,,,apparent AUC,,,,,,INPUTS_NOT_STAGED,Local staged motor masks/metric extraction required
Motor-only,MTR,MSPro,0,,,,apparent AUC,,,,,,INPUTS_NOT_STAGED,Local staged motor masks/metric extraction required
Motor-only,MTR,MSPro,1,,,,apparent AUC,,,,,,INPUTS_NOT_STAGED,Local staged motor masks/metric extraction required
Motor-only,MTR,T25FW,0,,,,apparent R2,,,,,,INPUTS_NOT_STAGED,Local staged motor masks/metric extraction required
Motor-only,MTR,T25FW,1,,,,apparent R2,,,,,,INPUTS_NOT_STAGED,Local staged motor masks/metric extraction required
Motor-only,MTR,9HPT-D,0,,,,apparent R2,,,,,,INPUTS_NOT_STAGED,Local staged motor masks/metric extraction required
Motor-only,MTR,9HPT-D,1,,,,apparent R2,,,,,,INPUTS_NOT_STAGED,Local staged motor masks/metric extraction required
Motor-only,MTR,9HPT-ND,0,,,,apparent R2,,,,,,INPUTS_NOT_STAGED,Local staged motor masks/metric extraction required
Motor-only,MTR,9HPT-ND,1,,,,apparent R2,,,,,,INPUTS_NOT_STAGED,Local staged motor masks/metric extraction required
Motor-only,MTR,SDMT,0,,,,apparent R2,,,,,,INPUTS_NOT_STAGED,Local staged motor masks/metric extraction required
Motor-only,MTR,SDMT,1,,,,apparent R2,,,,,,INPUTS_NOT_STAGED,Local staged motor masks/metric extraction required
Motor-only,MTR,MSFC-SDMT,0,,,,apparent R2,,,,,,INPUTS_NOT_STAGED,Local staged motor masks/metric extraction required
Motor-only,MTR,MSFC-SDMT,1,,,,apparent R2,,,,,,INPUTS_NOT_STAGED,Local staged motor masks/metric extraction required
Motor-only,FA,EDSS,0,,,,apparent AUC,,,,,,INPUTS_NOT_STAGED,Local staged motor masks/metric extraction required
Motor-only,FA,EDSS,1,,,,apparent AUC,,,,,,INPUTS_NOT_STAGED,Local staged motor masks/metric extraction required
Motor-only,FA,MSPro,0,,,,apparent AUC,,,,,,INPUTS_NOT_STAGED,Local staged motor masks/metric extraction required
Motor-only,FA,MSPro,1,,,,apparent AUC,,,,,,INPUTS_NOT_STAGED,Local staged motor masks/metric extraction required
Motor-only,FA,T25FW,0,,,,apparent R2,,,,,,INPUTS_NOT_STAGED,Local staged motor masks/metric extraction required
Motor-only,FA,T25FW,1,,,,apparent R2,,,,,,INPUTS_NOT_STAGED,Local staged motor masks/metric extraction required
Motor-only,FA,9HPT-D,0,,,,apparent R2,,,,,,INPUTS_NOT_STAGED,Local staged motor masks/metric extraction required
Motor-only,FA,9HPT-D,1,,,,apparent R2,,,,,,INPUTS_NOT_STAGED,Local staged motor masks/metric extraction required
Motor-only,FA,9HPT-ND,0,,,,apparent R2,,,,,,INPUTS_NOT_STAGED,Local staged motor masks/metric extraction required
Motor-only,FA,9HPT-ND,1,,,,apparent R2,,,,,,INPUTS_NOT_STAGED,Local staged motor masks/metric extraction required
Motor-only,FA,SDMT,0,,,,apparent R2,,,,,,INPUTS_NOT_STAGED,Local staged motor masks/metric extraction required
Motor-only,FA,SDMT,1,,,,apparent R2,,,,,,INPUTS_NOT_STAGED,Local staged motor masks/metric extraction required
Motor-only,FA,MSFC-SDMT,0,,,,apparent R2,,,,,,INPUTS_NOT_STAGED,Local staged motor masks/metric extraction required
Motor-only,FA,MSFC-SDMT,1,,,,apparent R2,,,,,,INPUTS_NOT_STAGED,Local staged motor masks/metric extraction required
Motor-only,MD,EDSS,0,,,,apparent AUC,,,,,,INPUTS_NOT_STAGED,Local staged motor masks/metric extraction required
Motor-only,MD,EDSS,1,,,,apparent AUC,,,,,,INPUTS_NOT_STAGED,Local staged motor masks/metric extraction required
Motor-only,MD,MSPro,0,,,,apparent AUC,,,,,,INPUTS_NOT_STAGED,Local staged motor masks/metric extraction required
Motor-only,MD,MSPro,1,,,,apparent AUC,,,,,,INPUTS_NOT_STAGED,Local staged motor masks/metric extraction required
Motor-only,MD,T25FW,0,,,,apparent R2,,,,,,INPUTS_NOT_STAGED,Local staged motor masks/metric extraction required
Motor-only,MD,T25FW,1,,,,apparent R2,,,,,,INPUTS_NOT_STAGED,Local staged motor masks/metric extraction required
Motor-only,MD,9HPT-D,0,,,,apparent R2,,,,,,INPUTS_NOT_STAGED,Local staged motor masks/metric extraction required
Motor-only,MD,9HPT-D,1,,,,apparent R2,,,,,,INPUTS_NOT_STAGED,Local staged motor masks/metric extraction required
Motor-only,MD,9HPT-ND,0,,,,apparent R2,,,,,,INPUTS_NOT_STAGED,Local staged motor masks/metric extraction required
Motor-only,MD,9HPT-ND,1,,,,apparent R2,,,,,,INPUTS_NOT_STAGED,Local staged motor masks/metric extraction required
Motor-only,MD,SDMT,0,,,,apparent R2,,,,,,INPUTS_NOT_STAGED,Local staged motor masks/metric extraction required
Motor-only,MD,SDMT,1,,,,apparent R2,,,,,,INPUTS_NOT_STAGED,Local staged motor masks/metric extraction required
Motor-only,MD,MSFC-SDMT,0,,,,apparent R2,,,,,,INPUTS_NOT_STAGED,Local staged motor masks/metric extraction required
Motor-only,MD,MSFC-SDMT,1,,,,apparent R2,,,,,,INPUTS_NOT_STAGED,Local staged motor masks/metric extraction required
Motor-only,NDI,EDSS,0,,,,apparent AUC,,,,,,INPUTS_NOT_STAGED,Local staged motor masks/metric extraction required
Motor-only,NDI,EDSS,1,,,,apparent AUC,,,,,,INPUTS_NOT_STAGED,Local staged motor masks/metric extraction required
Motor-only,NDI,MSPro,0,,,,apparent AUC,,,,,,INPUTS_NOT_STAGED,Local staged motor masks/metric extraction required
Motor-only,NDI,MSPro,1,,,,apparent AUC,,,,,,INPUTS_NOT_STAGED,Local staged motor masks/metric extraction required
Motor-only,NDI,T25FW,0,,,,apparent R2,,,,,,INPUTS_NOT_STAGED,Local staged motor masks/metric extraction required
Motor-only,NDI,T25FW,1,,,,apparent R2,,,,,,INPUTS_NOT_STAGED,Local staged motor masks/metric extraction required
Motor-only,NDI,9HPT-D,0,,,,apparent R2,,,,,,INPUTS_NOT_STAGED,Local staged motor masks/metric extraction required
Motor-only,NDI,9HPT-D,1,,,,apparent R2,,,,,,INPUTS_NOT_STAGED,Local staged motor masks/metric extraction required
Motor-only,NDI,9HPT-ND,0,,,,apparent R2,,,,,,INPUTS_NOT_STAGED,Local staged motor masks/metric extraction required
Motor-only,NDI,9HPT-ND,1,,,,apparent R2,,,,,,INPUTS_NOT_STAGED,Local staged motor masks/metric extraction required
Motor-only,NDI,SDMT,0,,,,apparent R2,,,,,,INPUTS_NOT_STAGED,Local staged motor masks/metric extraction required
Motor-only,NDI,SDMT,1,,,,apparent R2,,,,,,INPUTS_NOT_STAGED,Local staged motor masks/metric extraction required
Motor-only,NDI,MSFC-SDMT,0,,,,apparent R2,,,,,,INPUTS_NOT_STAGED,Local staged motor masks/metric extraction required
Motor-only,NDI,MSFC-SDMT,1,,,,apparent R2,,,,,,INPUTS_NOT_STAGED,Local staged motor masks/metric extraction required
Motor-only,ODI,EDSS,0,,,,apparent AUC,,,,,,INPUTS_NOT_STAGED,Local staged motor masks/metric extraction required
Motor-only,ODI,EDSS,1,,,,apparent AUC,,,,,,INPUTS_NOT_STAGED,Local staged motor masks/metric extraction required
Motor-only,ODI,MSPro,0,,,,apparent AUC,,,,,,INPUTS_NOT_STAGED,Local staged motor masks/metric extraction required
Motor-only,ODI,MSPro,1,,,,apparent AUC,,,,,,INPUTS_NOT_STAGED,Local staged motor masks/metric extraction required
Motor-only,ODI,T25FW,0,,,,apparent R2,,,,,,INPUTS_NOT_STAGED,Local staged motor masks/metric extraction required
Motor-only,ODI,T25FW,1,,,,apparent R2,,,,,,INPUTS_NOT_STAGED,Local staged motor masks/metric extraction required
Motor-only,ODI,9HPT-D,0,,,,apparent R2,,,,,,INPUTS_NOT_STAGED,Local staged motor masks/metric extraction required
Motor-only,ODI,9HPT-D,1,,,,apparent R2,,,,,,INPUTS_NOT_STAGED,Local staged motor masks/metric extraction required
Motor-only,ODI,9HPT-ND,0,,,,apparent R2,,,,,,INPUTS_NOT_STAGED,Local staged motor masks/metric extraction required
Motor-only,ODI,9HPT-ND,1,,,,apparent R2,,,,,,INPUTS_NOT_STAGED,Local staged motor masks/metric extraction required
Motor-only,ODI,SDMT,0,,,,apparent R2,,,,,,INPUTS_NOT_STAGED,Local staged motor masks/metric extraction required
Motor-only,ODI,SDMT,1,,,,apparent R2,,,,,,INPUTS_NOT_STAGED,Local staged motor masks/metric extraction required
Motor-only,ODI,MSFC-SDMT,0,,,,apparent R2,,,,,,INPUTS_NOT_STAGED,Local staged motor masks/metric extraction required
Motor-only,ODI,MSFC-SDMT,1,,,,apparent R2,,,,,,INPUTS_NOT_STAGED,Local staged motor masks/metric extraction required
Motor-only,FWF,EDSS,0,,,,apparent AUC,,,,,,INPUTS_NOT_STAGED,Local staged motor masks/metric extraction required
Motor-only,FWF,EDSS,1,,,,apparent AUC,,,,,,INPUTS_NOT_STAGED,Local staged motor masks/metric extraction required
Motor-only,FWF,MSPro,0,,,,apparent AUC,,,,,,INPUTS_NOT_STAGED,Local staged motor masks/metric extraction required
Motor-only,FWF,MSPro,1,,,,apparent AUC,,,,,,INPUTS_NOT_STAGED,Local staged motor masks/metric extraction required
Motor-only,FWF,T25FW,0,,,,apparent R2,,,,,,INPUTS_NOT_STAGED,Local staged motor masks/metric extraction required
Motor-only,FWF,T25FW,1,,,,apparent R2,,,,,,INPUTS_NOT_STAGED,Local staged motor masks/metric extraction required
Motor-only,FWF,9HPT-D,0,,,,apparent R2,,,,,,INPUTS_NOT_STAGED,Local staged motor masks/metric extraction required
Motor-only,FWF,9HPT-D,1,,,,apparent R2,,,,,,INPUTS_NOT_STAGED,Local staged motor masks/metric extraction required
Motor-only,FWF,9HPT-ND,0,,,,apparent R2,,,,,,INPUTS_NOT_STAGED,Local staged motor masks/metric extraction required
Motor-only,FWF,9HPT-ND,1,,,,apparent R2,,,,,,INPUTS_NOT_STAGED,Local staged motor masks/metric extraction required
Motor-only,FWF,SDMT,0,,,,apparent R2,,,,,,INPUTS_NOT_STAGED,Local staged motor masks/metric extraction required
Motor-only,FWF,SDMT,1,,,,apparent R2,,,,,,INPUTS_NOT_STAGED,Local staged motor masks/metric extraction required
Motor-only,FWF,MSFC-SDMT,0,,,,apparent R2,,,,,,INPUTS_NOT_STAGED,Local staged motor masks/metric extraction required
Motor-only,FWF,MSFC-SDMT,1,,,,apparent R2,,,,,,INPUTS_NOT_STAGED,Local staged motor masks/metric extraction required
Standard+Motor,T1,EDSS,0,,,,apparent AUC,,,,,,INPUTS_NOT_STAGED,Local staged motor masks/metric extraction required
Standard+Motor,T1,EDSS,1,,,,apparent AUC,,,,,,INPUTS_NOT_STAGED,Local staged motor masks/metric extraction required
Standard+Motor,T1,MSPro,0,,,,apparent AUC,,,,,,INPUTS_NOT_STAGED,Local staged motor masks/metric extraction required
Standard+Motor,T1,MSPro,1,,,,apparent AUC,,,,,,INPUTS_NOT_STAGED,Local staged motor masks/metric extraction required
Standard+Motor,T1,T25FW,0,,,,apparent R2,,,,,,INPUTS_NOT_STAGED,Local staged motor masks/metric extraction required
Standard+Motor,T1,T25FW,1,,,,apparent R2,,,,,,INPUTS_NOT_STAGED,Local staged motor masks/metric extraction required
Standard+Motor,T1,9HPT-D,0,,,,apparent R2,,,,,,INPUTS_NOT_STAGED,Local staged motor masks/metric extraction required
Standard+Motor,T1,9HPT-D,1,,,,apparent R2,,,,,,INPUTS_NOT_STAGED,Local staged motor masks/metric extraction required
Standard+Motor,T1,9HPT-ND,0,,,,apparent R2,,,,,,INPUTS_NOT_STAGED,Local staged motor masks/metric extraction required
Standard+Motor,T1,9HPT-ND,1,,,,apparent R2,,,,,,INPUTS_NOT_STAGED,Local staged motor masks/metric extraction required
Standard+Motor,T1,SDMT,0,,,,apparent R2,,,,,,INPUTS_NOT_STAGED,Local staged motor masks/metric extraction required
Standard+Motor,T1,SDMT,1,,,,apparent R2,,,,,,INPUTS_NOT_STAGED,Local staged motor masks/metric extraction required
Standard+Motor,T1,MSFC-SDMT,0,,,,apparent R2,,,,,,INPUTS_NOT_STAGED,Local staged motor masks/metric extraction required
Standard+Motor,T1,MSFC-SDMT,1,,,,apparent R2,,,,,,INPUTS_NOT_STAGED,Local staged motor masks/metric extraction required
Standard+Motor,MTR,EDSS,0,,,,apparent AUC,,,,,,INPUTS_NOT_STAGED,Local staged motor masks/metric extraction required
Standard+Motor,MTR,EDSS,1,,,,apparent AUC,,,,,,INPUTS_NOT_STAGED,Local staged motor masks/metric extraction required
Standard+Motor,MTR,MSPro,0,,,,apparent AUC,,,,,,INPUTS_NOT_STAGED,Local staged motor masks/metric extraction required
Standard+Motor,MTR,MSPro,1,,,,apparent AUC,,,,,,INPUTS_NOT_STAGED,Local staged motor masks/metric extraction required
Standard+Motor,MTR,T25FW,0,,,,apparent R2,,,,,,INPUTS_NOT_STAGED,Local staged motor masks/metric extraction required
Standard+Motor,MTR,T25FW,1,,,,apparent R2,,,,,,INPUTS_NOT_STAGED,Local staged motor masks/metric extraction required
Standard+Motor,MTR,9HPT-D,0,,,,apparent R2,,,,,,INPUTS_NOT_STAGED,Local staged motor masks/metric extraction required
Standard+Motor,MTR,9HPT-D,1,,,,apparent R2,,,,,,INPUTS_NOT_STAGED,Local staged motor masks/metric extraction required
Standard+Motor,MTR,9HPT-ND,0,,,,apparent R2,,,,,,INPUTS_NOT_STAGED,Local staged motor masks/metric extraction required
Standard+Motor,MTR,9HPT-ND,1,,,,apparent R2,,,,,,INPUTS_NOT_STAGED,Local staged motor masks/metric extraction required
Standard+Motor,MTR,SDMT,0,,,,apparent R2,,,,,,INPUTS_NOT_STAGED,Local staged motor masks/metric extraction required
Standard+Motor,MTR,SDMT,1,,,,apparent R2,,,,,,INPUTS_NOT_STAGED,Local staged motor masks/metric extraction required
Standard+Motor,MTR,MSFC-SDMT,0,,,,apparent R2,,,,,,INPUTS_NOT_STAGED,Local staged motor masks/metric extraction required
Standard+Motor,MTR,MSFC-SDMT,1,,,,apparent R2,,,,,,INPUTS_NOT_STAGED,Local staged motor masks/metric extraction required
Standard+Motor,FA,EDSS,0,,,,apparent AUC,,,,,,INPUTS_NOT_STAGED,Local staged motor masks/metric extraction required
Standard+Motor,FA,EDSS,1,,,,apparent AUC,,,,,,INPUTS_NOT_STAGED,Local staged motor masks/metric extraction required
Standard+Motor,FA,MSPro,0,,,,apparent AUC,,,,,,INPUTS_NOT_STAGED,Local staged motor masks/metric extraction required
Standard+Motor,FA,MSPro,1,,,,apparent AUC,,,,,,INPUTS_NOT_STAGED,Local staged motor masks/metric extraction required
Standard+Motor,FA,T25FW,0,,,,apparent R2,,,,,,INPUTS_NOT_STAGED,Local staged motor masks/metric extraction required
Standard+Motor,FA,T25FW,1,,,,apparent R2,,,,,,INPUTS_NOT_STAGED,Local staged motor masks/metric extraction required
Standard+Motor,FA,9HPT-D,0,,,,apparent R2,,,,,,INPUTS_NOT_STAGED,Local staged motor masks/metric extraction required
Standard+Motor,FA,9HPT-D,1,,,,apparent R2,,,,,,INPUTS_NOT_STAGED,Local staged motor masks/metric extraction required
Standard+Motor,FA,9HPT-ND,0,,,,apparent R2,,,,,,INPUTS_NOT_STAGED,Local staged motor masks/metric extraction required
Standard+Motor,FA,9HPT-ND,1,,,,apparent R2,,,,,,INPUTS_NOT_STAGED,Local staged motor masks/metric extraction required
Standard+Motor,FA,SDMT,0,,,,apparent R2,,,,,,INPUTS_NOT_STAGED,Local staged motor masks/metric extraction required
Standard+Motor,FA,SDMT,1,,,,apparent R2,,,,,,INPUTS_NOT_STAGED,Local staged motor masks/metric extraction required
Standard+Motor,FA,MSFC-SDMT,0,,,,apparent R2,,,,,,INPUTS_NOT_STAGED,Local staged motor masks/metric extraction required
Standard+Motor,FA,MSFC-SDMT,1,,,,apparent R2,,,,,,INPUTS_NOT_STAGED,Local staged motor masks/metric extraction required
Standard+Motor,MD,EDSS,0,,,,apparent AUC,,,,,,INPUTS_NOT_STAGED,Local staged motor masks/metric extraction required
Standard+Motor,MD,EDSS,1,,,,apparent AUC,,,,,,INPUTS_NOT_STAGED,Local staged motor masks/metric extraction required
Standard+Motor,MD,MSPro,0,,,,apparent AUC,,,,,,INPUTS_NOT_STAGED,Local staged motor masks/metric extraction required
Standard+Motor,MD,MSPro,1,,,,apparent AUC,,,,,,INPUTS_NOT_STAGED,Local staged motor masks/metric extraction required
Standard+Motor,MD,T25FW,0,,,,apparent R2,,,,,,INPUTS_NOT_STAGED,Local staged motor masks/metric extraction required
Standard+Motor,MD,T25FW,1,,,,apparent R2,,,,,,INPUTS_NOT_STAGED,Local staged motor masks/metric extraction required
Standard+Motor,MD,9HPT-D,0,,,,apparent R2,,,,,,INPUTS_NOT_STAGED,Local staged motor masks/metric extraction required
Standard+Motor,MD,9HPT-D,1,,,,apparent R2,,,,,,INPUTS_NOT_STAGED,Local staged motor masks/metric extraction required
Standard+Motor,MD,9HPT-ND,0,,,,apparent R2,,,,,,INPUTS_NOT_STAGED,Local staged motor masks/metric extraction required
Standard+Motor,MD,9HPT-ND,1,,,,apparent R2,,,,,,INPUTS_NOT_STAGED,Local staged motor masks/metric extraction required
Standard+Motor,MD,SDMT,0,,,,apparent R2,,,,,,INPUTS_NOT_STAGED,Local staged motor masks/metric extraction required
Standard+Motor,MD,SDMT,1,,,,apparent R2,,,,,,INPUTS_NOT_STAGED,Local staged motor masks/metric extraction required
Standard+Motor,MD,MSFC-SDMT,0,,,,apparent R2,,,,,,INPUTS_NOT_STAGED,Local staged motor masks/metric extraction required
Standard+Motor,MD,MSFC-SDMT,1,,,,apparent R2,,,,,,INPUTS_NOT_STAGED,Local staged motor masks/metric extraction required
Standard+Motor,NDI,EDSS,0,,,,apparent AUC,,,,,,INPUTS_NOT_STAGED,Local staged motor masks/metric extraction required
Standard+Motor,NDI,EDSS,1,,,,apparent AUC,,,,,,INPUTS_NOT_STAGED,Local staged motor masks/metric extraction required
Standard+Motor,NDI,MSPro,0,,,,apparent AUC,,,,,,INPUTS_NOT_STAGED,Local staged motor masks/metric extraction required
Standard+Motor,NDI,MSPro,1,,,,apparent AUC,,,,,,INPUTS_NOT_STAGED,Local staged motor masks/metric extraction required
Standard+Motor,NDI,T25FW,0,,,,apparent R2,,,,,,INPUTS_NOT_STAGED,Local staged motor masks/metric extraction required
Standard+Motor,NDI,T25FW,1,,,,apparent R2,,,,,,INPUTS_NOT_STAGED,Local staged motor masks/metric extraction required
Standard+Motor,NDI,9HPT-D,0,,,,apparent R2,,,,,,INPUTS_NOT_STAGED,Local staged motor masks/metric extraction required
Standard+Motor,NDI,9HPT-D,1,,,,apparent R2,,,,,,INPUTS_NOT_STAGED,Local staged motor masks/metric extraction required
Standard+Motor,NDI,9HPT-ND,0,,,,apparent R2,,,,,,INPUTS_NOT_STAGED,Local staged motor masks/metric extraction required
Standard+Motor,NDI,9HPT-ND,1,,,,apparent R2,,,,,,INPUTS_NOT_STAGED,Local staged motor masks/metric extraction required
Standard+Motor,NDI,SDMT,0,,,,apparent R2,,,,,,INPUTS_NOT_STAGED,Local staged motor masks/metric extraction required
Standard+Motor,NDI,SDMT,1,,,,apparent R2,,,,,,INPUTS_NOT_STAGED,Local staged motor masks/metric extraction required
Standard+Motor,NDI,MSFC-SDMT,0,,,,apparent R2,,,,,,INPUTS_NOT_STAGED,Local staged motor masks/metric extraction required
Standard+Motor,NDI,MSFC-SDMT,1,,,,apparent R2,,,,,,INPUTS_NOT_STAGED,Local staged motor masks/metric extraction required
Standard+Motor,ODI,EDSS,0,,,,apparent AUC,,,,,,INPUTS_NOT_STAGED,Local staged motor masks/metric extraction required
Standard+Motor,ODI,EDSS,1,,,,apparent AUC,,,,,,INPUTS_NOT_STAGED,Local staged motor masks/metric extraction required
Standard+Motor,ODI,MSPro,0,,,,apparent AUC,,,,,,INPUTS_NOT_STAGED,Local staged motor masks/metric extraction required
Standard+Motor,ODI,MSPro,1,,,,apparent AUC,,,,,,INPUTS_NOT_STAGED,Local staged motor masks/metric extraction required
Standard+Motor,ODI,T25FW,0,,,,apparent R2,,,,,,INPUTS_NOT_STAGED,Local staged motor masks/metric extraction required
Standard+Motor,ODI,T25FW,1,,,,apparent R2,,,,,,INPUTS_NOT_STAGED,Local staged motor masks/metric extraction required
Standard+Motor,ODI,9HPT-D,0,,,,apparent R2,,,,,,INPUTS_NOT_STAGED,Local staged motor masks/metric extraction required
Standard+Motor,ODI,9HPT-D,1,,,,apparent R2,,,,,,INPUTS_NOT_STAGED,Local staged motor masks/metric extraction required
Standard+Motor,ODI,9HPT-ND,0,,,,apparent R2,,,,,,INPUTS_NOT_STAGED,Local staged motor masks/metric extraction required
Standard+Motor,ODI,9HPT-ND,1,,,,apparent R2,,,,,,INPUTS_NOT_STAGED,Local staged motor masks/metric extraction required
Standard+Motor,ODI,SDMT,0,,,,apparent R2,,,,,,INPUTS_NOT_STAGED,Local staged motor masks/metric extraction required
Standard+Motor,ODI,SDMT,1,,,,apparent R2,,,,,,INPUTS_NOT_STAGED,Local staged motor masks/metric extraction required
Standard+Motor,ODI,MSFC-SDMT,0,,,,apparent R2,,,,,,INPUTS_NOT_STAGED,Local staged motor masks/metric extraction required
Standard+Motor,ODI,MSFC-SDMT,1,,,,apparent R2,,,,,,INPUTS_NOT_STAGED,Local staged motor masks/metric extraction required
Standard+Motor,FWF,EDSS,0,,,,apparent AUC,,,,,,INPUTS_NOT_STAGED,Local staged motor masks/metric extraction required
Standard+Motor,FWF,EDSS,1,,,,apparent AUC,,,,,,INPUTS_NOT_STAGED,Local staged motor masks/metric extraction required
Standard+Motor,FWF,MSPro,0,,,,apparent AUC,,,,,,INPUTS_NOT_STAGED,Local staged motor masks/metric extraction required
Standard+Motor,FWF,MSPro,1,,,,apparent AUC,,,,,,INPUTS_NOT_STAGED,Local staged motor masks/metric extraction required
Standard+Motor,FWF,T25FW,0,,,,apparent R2,,,,,,INPUTS_NOT_STAGED,Local staged motor masks/metric extraction required
Standard+Motor,FWF,T25FW,1,,,,apparent R2,,,,,,INPUTS_NOT_STAGED,Local staged motor masks/metric extraction required
Standard+Motor,FWF,9HPT-D,0,,,,apparent R2,,,,,,INPUTS_NOT_STAGED,Local staged motor masks/metric extraction required
Standard+Motor,FWF,9HPT-D,1,,,,apparent R2,,,,,,INPUTS_NOT_STAGED,Local staged motor masks/metric extraction required
Standard+Motor,FWF,9HPT-ND,0,,,,apparent R2,,,,,,INPUTS_NOT_STAGED,Local staged motor masks/metric extraction required
Standard+Motor,FWF,9HPT-ND,1,,,,apparent R2,,,,,,INPUTS_NOT_STAGED,Local staged motor masks/metric extraction required
Standard+Motor,FWF,SDMT,0,,,,apparent R2,,,,,,INPUTS_NOT_STAGED,Local staged motor masks/metric extraction required
Standard+Motor,FWF,SDMT,1,,,,apparent R2,,,,,,INPUTS_NOT_STAGED,Local staged motor masks/metric extraction required
Standard+Motor,FWF,MSFC-SDMT,0,,,,apparent R2,,,,,,INPUTS_NOT_STAGED,Local staged motor masks/metric extraction required
Standard+Motor,FWF,MSFC-SDMT,1,,,,apparent R2,,,,,,INPUTS_NOT_STAGED,Local staged motor masks/metric extraction required
