ClinicalMetric,Model,N,R2,R2_Demo
T25FW-T1,tract-based,76,0.239333460428664,0.326972464433558
T25FW-T1,classic,76,0.190558692172844,0.25616123975559
T25FW-MTR,tract-based,76,0.265573938969736,0.326317068532351
T25FW-MTR,classic,76,0.0564698968125289,0.189858674760837
T25FW-FA,tract-based,75,0.221464150637463,0.305878253364082
T25FW-FA,classic,75,0.0123340416686143,0.163364788790969
T25FW-MD,tract-based,75,0.26180170793502,0.327305659277761
T25FW-MD,classic,75,0.132847905439694,0.236086500771679
T25FW-NDI,tract-based,75,0.192407807130816,0.304181883877584
T25FW-NDI,classic,75,0.0675071318653458,0.202296247071644
T25FW-ODI,tract-based,75,0.157851949212693,0.245946214905807
T25FW-ODI,classic,75,0.00622025311145946,0.156546248864404
T25FW-ISOVF,tract-based,75,0.215136981930277,0.274931415164094
T25FW-ISOVF,classic,75,0.0997454140267029,0.180656028275754
x9HPTD-T1,tract-based,79,0.164465023312904,0.176966218999879
x9HPTD-T1,classic,79,0.125115640142417,0.141946015799387
x9HPTD-MTR,tract-based,79,0.14922164293776,0.158028934303184
x9HPTD-MTR,classic,79,0.108652607172467,0.165282655876993
x9HPTD-FA,tract-based,78,0.236209355348548,0.250262114483992
x9HPTD-FA,classic,78,0.0185034216831576,0.0810374860430281
x9HPTD-MD,tract-based,78,0.133387347470108,0.149059428254835
x9HPTD-MD,classic,78,0.149617565010303,0.184579216500792
x9HPTD-NDI,tract-based,78,0.23079864128479,0.242602630933472
x9HPTD-NDI,classic,78,0.127512308887764,0.169185373159926
x9HPTD-ODI,tract-based,78,0.161498990497642,0.174686835100792
x9HPTD-ODI,classic,78,0.0969650639720196,0.161109842028881
x9HPTD-ISOVF,tract-based,78,0.223362495014238,0.232526980012166
x9HPTD-ISOVF,classic,78,0.0712596893179307,0.0909905423067134
x9HPTND-T1,tract-based,79,0.362806649817807,0.403862556954387
x9HPTND-T1,classic,79,0.19533180670929,0.236293605234815
x9HPTND-MTR,tract-based,79,0.37053660688753,0.394256803823722
x9HPTND-MTR,classic,79,0.173644870957582,0.269484369961791
x9HPTND-FA,tract-based,78,0.506948988811494,0.525956859759253
x9HPTND-FA,classic,78,0.0329699139323748,0.150811839446542
x9HPTND-MD,tract-based,78,0.352539069650062,0.389109828873576
x9HPTND-MD,classic,78,0.187147589342907,0.235330662405001
x9HPTND-NDI,tract-based,78,0.374567285808099,0.428898687103811
x9HPTND-NDI,classic,78,0.242097308227419,0.317652648675258
x9HPTND-ODI,tract-based,78,0.415651270570953,0.440290948236524
x9HPTND-ODI,classic,78,0.122404406334411,0.230448451233811
x9HPTND-ISOVF,tract-based,78,0.388148933864548,0.394829748676113
x9HPTND-ISOVF,classic,78,0.171412319895615,0.197409142125134
SDMTcorrect-T1,tract-based,80,0.407349418003084,0.481359500891132
SDMTcorrect-T1,classic,80,0.199144077672974,0.297668973274171
SDMTcorrect-MTR,tract-based,80,0.368810327510478,0.420748604923109
SDMTcorrect-MTR,classic,80,0.120403839816601,0.314215338677626
SDMTcorrect-FA,tract-based,79,0.445372293472474,0.518545885157603
SDMTcorrect-FA,classic,79,0.0347171355799397,0.26086142618412
SDMTcorrect-MD,tract-based,79,0.33040030044558,0.409733741214524
SDMTcorrect-MD,classic,79,0.232402994820278,0.343966681518823
SDMTcorrect-NDI,tract-based,79,0.391011771050493,0.478235715514983
SDMTcorrect-NDI,classic,79,0.16050904242148,0.327616840881539
SDMTcorrect-ODI,tract-based,79,0.341570804317452,0.419827106284451
SDMTcorrect-ODI,classic,79,0.0949736885175572,0.303833596623745
SDMTcorrect-ISOVF,tract-based,79,0.367261331117918,0.411313744795023
SDMTcorrect-ISOVF,classic,79,0.142299524360193,0.244833321706644
MSFC_SDMT-T1,tract-based,75,0.323722990134517,0.385939744330863
MSFC_SDMT-T1,classic,75,0.216993608959097,0.273122029528412
MSFC_SDMT-MTR,tract-based,75,0.344193152053576,0.38074410013722
MSFC_SDMT-MTR,classic,75,0.138527054723137,0.277862186192145
MSFC_SDMT-FA,tract-based,74,0.370788280293545,0.422058073904831
MSFC_SDMT-FA,classic,74,0.0235067405752601,0.194179564689052
MSFC_SDMT-MD,tract-based,74,0.32976270163332,0.380751869961297
MSFC_SDMT-MD,classic,74,0.183137588023053,0.273989800741658
MSFC_SDMT-NDI,tract-based,74,0.356612151405438,0.423765962973267
MSFC_SDMT-NDI,classic,74,0.16148486124143,0.282095871255815
MSFC_SDMT-ODI,tract-based,74,0.295571143723191,0.347458505578153
MSFC_SDMT-ODI,classic,74,0.0571335622275543,0.229413861364146
MSFC_SDMT-ISOVF,tract-based,74,0.372329019961289,0.397670835643623
MSFC_SDMT-ISOVF,classic,74,0.0935919170983862,0.180399079259839
