Outcome,Metric,Model,Adjusted,Demographics,N,PositiveN,PerformanceName,Performance,CI_lower,CI_upper,p_raw,AIC
EDSS,LN,Whole Brain,0,none,89,32,AUC,0.66,0.541,0.776,0.0568319957806048,116.47
EDSS,LV,Whole Brain,0,none,89,32,AUC,0.8,0.692,0.884,0.000689479067671291,102.22
EDSS,LN,Tract-based,0,none,89,32,AUC,0.804,0.71,0.89,0.000347096290474297,102.91
EDSS,LN,Classical-region,0,none,89,32,AUC,0.734,0.62,0.842,0.000633029237237968,106.19
EDSS,LV,Tract-based,0,none,89,32,AUC,0.858,0.769,0.934,2.25449823588885e-06,81.93
EDSS,LV,Classical-region,0,none,89,32,AUC,0.809,0.705,0.898,0.000152561686416362,93.86
EDSS,Lnorm,Tract-based,0,none,89,32,AUC,0.845,0.745,0.925,6.46381582403566e-06,85.71
EDSS,Lnorm,Classical-region,0,none,89,32,AUC,0.797,0.689,0.893,0.000199619317827243,94.88
MSPro,LN,Whole Brain,0,none,88,42,AUC,0.619,0.494,0.734,0.110154803945741,123.11
MSPro,LV,Whole Brain,0,none,88,42,AUC,0.693,0.579,0.803,0.0170804209757238,117.97
MSPro,LN,Tract-based,0,none,88,42,AUC,0.704,0.587,0.808,0.00518190776907831,115.75
MSPro,LN,Classical-region,0,none,88,42,AUC,0.639,0.524,0.754,0.0225347689727019,120.15
MSPro,LV,Tract-based,0,none,88,42,AUC,0.762,0.655,0.855,7.63208345723093e-05,103.76
MSPro,LV,Classical-region,0,none,88,42,AUC,0.707,0.592,0.815,0.0107962835365711,116.43
MSPro,Lnorm,Tract-based,0,none,88,42,AUC,0.739,0.628,0.841,0.0015979585947685,111.75
MSPro,Lnorm,Classical-region,0,none,88,42,AUC,0.704,0.591,0.813,0.0151366494699311,117.42
T25FW,LN,Whole Brain,0,none,85,NaN,R2,0.048,NaN,NaN,0.0440195028047909,91.55
T25FW,LV,Whole Brain,0,none,85,NaN,R2,0.141,NaN,NaN,0.000391310641695064,82.77
T25FW,LN,Tract-based,0,none,85,NaN,R2,0.141,NaN,NaN,0.000392804520917167,82.78
T25FW,LN,Classical-region,0,none,85,NaN,R2,0.134,NaN,NaN,0.000570238518139976,83.5
T25FW,LV,Tract-based,0,none,85,NaN,R2,0.161,NaN,NaN,0.000140741713378412,80.8
T25FW,LV,Classical-region,0,none,85,NaN,R2,0.193,NaN,NaN,2.6007843997089e-05,77.5
T25FW,Lnorm,Tract-based,0,none,85,NaN,R2,0.164,NaN,NaN,0.000119810258157216,80.48
T25FW,Lnorm,Classical-region,0,none,85,NaN,R2,0.193,NaN,NaN,2.65604998825886e-05,77.55
9HPT-D,LN,Whole Brain,0,none,88,NaN,R2,0.04,NaN,NaN,0.0605712126998552,-4.4
9HPT-D,LV,Whole Brain,0,none,88,NaN,R2,0.143,NaN,NaN,0.000288025185837926,-14.3
9HPT-D,LN,Tract-based,0,none,88,NaN,R2,0.229,NaN,NaN,2.42867283894999e-06,-23.64
9HPT-D,LN,Classical-region,0,none,88,NaN,R2,0.183,NaN,NaN,3.26946091129265e-05,-18.53
9HPT-D,LV,Tract-based,0,none,88,NaN,R2,0.282,NaN,NaN,1.00593897656154e-07,-29.96
9HPT-D,LV,Classical-region,0,none,88,NaN,R2,0.198,NaN,NaN,1.36693320564874e-05,-20.24
9HPT-D,Lnorm,Tract-based,0,none,88,NaN,R2,0.189,NaN,NaN,2.34994028480706e-05,-19.18
9HPT-D,Lnorm,Classical-region,0,none,88,NaN,R2,0.205,NaN,NaN,9.27129141592431e-06,-21
9HPT-ND,LN,Whole Brain,0,none,88,NaN,R2,0.122,NaN,NaN,0.000841361518039707,23.96
9HPT-ND,LV,Whole Brain,0,none,88,NaN,R2,0.321,NaN,NaN,8.72794214679118e-09,1.36
9HPT-ND,LN,Tract-based,0,none,88,NaN,R2,0.253,NaN,NaN,6.07334682212191e-07,9.82
9HPT-ND,LN,Classical-region,0,none,88,NaN,R2,0.213,NaN,NaN,6.06145016379678e-06,14.36
9HPT-ND,LV,Tract-based,0,none,88,NaN,R2,0.379,NaN,NaN,1.72216130245317e-10,-6.51
9HPT-ND,LV,Classical-region,0,none,88,NaN,R2,0.359,NaN,NaN,6.86296242058404e-10,-3.73
9HPT-ND,Lnorm,Tract-based,0,none,88,NaN,R2,0.34,NaN,NaN,2.470360027651e-09,-1.16
9HPT-ND,Lnorm,Classical-region,0,none,88,NaN,R2,0.337,NaN,NaN,3.0445435061921e-09,-0.75
SDMT,LN,Whole Brain,0,none,89,NaN,R2,0.041,NaN,NaN,0.0573457783885927,708.66
SDMT,LV,Whole Brain,0,none,89,NaN,R2,0.22,NaN,NaN,3.47554600602085e-06,690.22
SDMT,LN,Tract-based,0,none,89,NaN,R2,0.123,NaN,NaN,0.000757469740997933,700.71
SDMT,LN,Classical-region,0,none,89,NaN,R2,0.075,NaN,NaN,0.00959965212969974,705.47
SDMT,LV,Tract-based,0,none,89,NaN,R2,0.24,NaN,NaN,1.10053004560802e-06,687.95
SDMT,LV,Classical-region,0,none,89,NaN,R2,0.241,NaN,NaN,1.06548937542035e-06,687.88
SDMT,Lnorm,Tract-based,0,none,89,NaN,R2,0.299,NaN,NaN,2.88360455883577e-08,680.71
SDMT,Lnorm,Classical-region,0,none,89,NaN,R2,0.243,NaN,NaN,9.01108262748341e-07,687.55
MSFC-SDMT,LN,Whole Brain,0,none,84,NaN,R2,0.057,NaN,NaN,0.0293820925965667,202.54
MSFC-SDMT,LV,Whole Brain,0,none,84,NaN,R2,0.253,NaN,NaN,1.05459326556164e-06,182.88
MSFC-SDMT,LN,Tract-based,0,none,84,NaN,R2,0.192,NaN,NaN,3.02804540295639e-05,189.5
MSFC-SDMT,LN,Classical-region,0,none,84,NaN,R2,0.145,NaN,NaN,0.000349753890506264,194.26
MSFC-SDMT,LV,Tract-based,0,none,84,NaN,R2,0.29,NaN,NaN,1.28615050532282e-07,178.7
MSFC-SDMT,LV,Classical-region,0,none,84,NaN,R2,0.289,NaN,NaN,1.36249459921593e-07,178.81
MSFC-SDMT,Lnorm,Tract-based,0,none,84,NaN,R2,0.342,NaN,NaN,5.13570448077506e-09,172.26
MSFC-SDMT,Lnorm,Classical-region,0,none,84,NaN,R2,0.293,NaN,NaN,1.0429288858329e-07,178.28
