ThresholdLabel,ThresholdOrder,PositiveRule,Metric,DisplayMetric,MetricOrder,Model,ModelOrder,Adjusted,Demographics,CasePolicy,N,PositiveN,NegativeN,PercentPositive,AUC,AUC_CI_Lower,AUC_CI_Upper,BootstrapMeanAUC,AIC,Lambda,p_raw,p_exploratory_bonferroni14,MultiplicityLabel,BootstrapIndexSHA256,SubjectIDSetSHA256,BootstrapMethod,BootstrapRepetitions,BootstrapSeed
canonical_gt3,1,EDSS > 3.0,T1,T1,1,Tract-based,1,0,none,MS; joint tract+classical complete cases,80,39,41,48.75,0.961516180631781,0.910798337306681,1,0.961516180631781,46.3834346630876,0.00471486636345739,2.77513511692668e-05,NaN,canonical family untouched; no exploratory adjustment,not-recorded-for-legacy-unstratified-bootstrap,29b34611ecebe2f5e28613f90b3248d73624825a1971d10b914d5c63fbcf90c1,legacy unstratified percentile; Performance is bootstrap mean,2000,42
canonical_gt3,1,EDSS > 3.0,T1,T1,1,Classical-region,2,0,none,MS; joint tract+classical complete cases,80,39,41,48.75,0.850263252331214,0.756181612568005,0.931054061653166,0.850263252331214,81.350070183682,1e-06,1.31047824886285e-05,NaN,canonical family untouched; no exploratory adjustment,not-recorded-for-legacy-unstratified-bootstrap,29b34611ecebe2f5e28613f90b3248d73624825a1971d10b914d5c63fbcf90c1,legacy unstratified percentile; Performance is bootstrap mean,2000,42
canonical_gt3,1,EDSS > 3.0,T1,T1,1,Tract-based,1,1,Age+GenderNum+DurationOfDisease,MS; joint tract+classical complete cases,80,39,41,48.75,0.956405425616208,0.904040404040404,0.998749218261413,0.956405425616208,47.8343319346459,0.00471486636345739,0.000185556657183721,NaN,canonical family untouched; no exploratory adjustment,not-recorded-for-legacy-unstratified-bootstrap,29b34611ecebe2f5e28613f90b3248d73624825a1971d10b914d5c63fbcf90c1,legacy unstratified percentile; Performance is bootstrap mean,2000,42
canonical_gt3,1,EDSS > 3.0,T1,T1,1,Classical-region,2,1,Age+GenderNum+DurationOfDisease,MS; joint tract+classical complete cases,80,39,41,48.75,0.884683059267956,0.802822434983524,0.956945317410434,0.884683059267956,79.8684222124682,1e-06,0.00030541434569327,NaN,canonical family untouched; no exploratory adjustment,not-recorded-for-legacy-unstratified-bootstrap,29b34611ecebe2f5e28613f90b3248d73624825a1971d10b914d5c63fbcf90c1,legacy unstratified percentile; Performance is bootstrap mean,2000,42
canonical_gt3,1,EDSS > 3.0,MTR,MTR,2,Tract-based,1,0,none,MS; joint tract+classical complete cases,80,39,41,48.75,0.905912918037955,0.834635709818637,0.963113469355847,0.905912918037955,63.9932905732981,0.0449843266896945,1.74510592749925e-06,NaN,canonical family untouched; no exploratory adjustment,not-recorded-for-legacy-unstratified-bootstrap,29b34611ecebe2f5e28613f90b3248d73624825a1971d10b914d5c63fbcf90c1,legacy unstratified percentile; Performance is bootstrap mean,2000,42
canonical_gt3,1,EDSS > 3.0,MTR,MTR,2,Classical-region,2,0,none,MS; joint tract+classical complete cases,80,39,41,48.75,0.731868209132624,0.613220175491618,0.840525328330206,0.731868209132624,100.953920764049,1.32571136559011,0.00108105614892308,NaN,canonical family untouched; no exploratory adjustment,not-recorded-for-legacy-unstratified-bootstrap,29b34611ecebe2f5e28613f90b3248d73624825a1971d10b914d5c63fbcf90c1,legacy unstratified percentile; Performance is bootstrap mean,2000,42
canonical_gt3,1,EDSS > 3.0,MTR,MTR,2,Tract-based,1,1,Age+GenderNum+DurationOfDisease,MS; joint tract+classical complete cases,80,39,41,48.75,0.918531821507023,0.85250543252819,0.971354166666667,0.918531821507023,66.3092580881504,0.0449843266896945,2.95784127875618e-05,NaN,canonical family untouched; no exploratory adjustment,not-recorded-for-legacy-unstratified-bootstrap,29b34611ecebe2f5e28613f90b3248d73624825a1971d10b914d5c63fbcf90c1,legacy unstratified percentile; Performance is bootstrap mean,2000,42
canonical_gt3,1,EDSS > 3.0,MTR,MTR,2,Classical-region,2,1,Age+GenderNum+DurationOfDisease,MS; joint tract+classical complete cases,80,39,41,48.75,0.871089955347286,0.787134502923977,0.941041691852031,0.871089955347286,81.9324628019554,1.32571136559011,0.000516764488918594,NaN,canonical family untouched; no exploratory adjustment,not-recorded-for-legacy-unstratified-bootstrap,29b34611ecebe2f5e28613f90b3248d73624825a1971d10b914d5c63fbcf90c1,legacy unstratified percentile; Performance is bootstrap mean,2000,42
canonical_gt3,1,EDSS > 3.0,FA,FA,3,Tract-based,1,0,none,MS; joint tract+classical complete cases,79,39,40,49.3670886075949,0.897390035912638,0.822539346957952,0.959032634032634,0.897390035912638,67.2153080168377,0.0449843266896945,5.0284578255999e-06,NaN,canonical family untouched; no exploratory adjustment,not-recorded-for-legacy-unstratified-bootstrap,25bd4f09525df2d10ad809b0d139f1b83ba897def66ff3036aa6420156e40615,legacy unstratified percentile; Performance is bootstrap mean,2000,42
canonical_gt3,1,EDSS > 3.0,FA,FA,3,Classical-region,2,0,none,MS; joint tract+classical complete cases,79,39,40,49.3670886075949,0.577593454058939,0.439830550586365,0.706808731808732,0.577593454058939,111.914106151832,12.648552168553,0.217871856166643,NaN,canonical family untouched; no exploratory adjustment,not-recorded-for-legacy-unstratified-bootstrap,25bd4f09525df2d10ad809b0d139f1b83ba897def66ff3036aa6420156e40615,legacy unstratified percentile; Performance is bootstrap mean,2000,42
canonical_gt3,1,EDSS > 3.0,FA,FA,3,Tract-based,1,1,Age+GenderNum+DurationOfDisease,MS; joint tract+classical complete cases,79,39,40,49.3670886075949,0.934508443467759,0.876059959729315,0.978149064156766,0.934508443467759,60.8061601574565,0.0449843266896945,4.70783104524891e-05,NaN,canonical family untouched; no exploratory adjustment,not-recorded-for-legacy-unstratified-bootstrap,25bd4f09525df2d10ad809b0d139f1b83ba897def66ff3036aa6420156e40615,legacy unstratified percentile; Performance is bootstrap mean,2000,42
canonical_gt3,1,EDSS > 3.0,FA,FA,3,Classical-region,2,1,Age+GenderNum+DurationOfDisease,MS; joint tract+classical complete cases,79,39,40,49.3670886075949,0.786182746623747,0.679075738125802,0.88123428858723,0.786182746623747,95.9324939303615,12.648552168553,0.180540038274665,NaN,canonical family untouched; no exploratory adjustment,not-recorded-for-legacy-unstratified-bootstrap,25bd4f09525df2d10ad809b0d139f1b83ba897def66ff3036aa6420156e40615,legacy unstratified percentile; Performance is bootstrap mean,2000,42
canonical_gt3,1,EDSS > 3.0,MD,MD,4,Tract-based,1,0,none,MS; joint tract+classical complete cases,79,39,40,49.3670886075949,0.901647760204029,0.826470588235294,0.962635552852944,0.901647760204029,66.3998210741304,0.00471486636345739,2.88226076313367e-06,NaN,canonical family untouched; no exploratory adjustment,not-recorded-for-legacy-unstratified-bootstrap,25bd4f09525df2d10ad809b0d139f1b83ba897def66ff3036aa6420156e40615,legacy unstratified percentile; Performance is bootstrap mean,2000,42
canonical_gt3,1,EDSS > 3.0,MD,MD,4,Classical-region,2,0,none,MS; joint tract+classical complete cases,79,39,40,49.3670886075949,0.86067690235909,0.770756050167815,0.936319296645384,0.86067690235909,81.1577240155581,1e-06,8.38717758563922e-05,NaN,canonical family untouched; no exploratory adjustment,not-recorded-for-legacy-unstratified-bootstrap,25bd4f09525df2d10ad809b0d139f1b83ba897def66ff3036aa6420156e40615,legacy unstratified percentile; Performance is bootstrap mean,2000,42
canonical_gt3,1,EDSS > 3.0,MD,MD,4,Tract-based,1,1,Age+GenderNum+DurationOfDisease,MS; joint tract+classical complete cases,79,39,40,49.3670886075949,0.922562325050625,0.859113113330439,0.973096695858844,0.922562325050625,67.1085693317886,0.00471486636345739,9.13795796914098e-05,NaN,canonical family untouched; no exploratory adjustment,not-recorded-for-legacy-unstratified-bootstrap,25bd4f09525df2d10ad809b0d139f1b83ba897def66ff3036aa6420156e40615,legacy unstratified percentile; Performance is bootstrap mean,2000,42
canonical_gt3,1,EDSS > 3.0,MD,MD,4,Classical-region,2,1,Age+GenderNum+DurationOfDisease,MS; joint tract+classical complete cases,79,39,40,49.3670886075949,0.89724973231387,0.821727874053455,0.959432934292623,0.89724973231387,76.1885333800861,1e-06,0.000752106794458203,NaN,canonical family untouched; no exploratory adjustment,not-recorded-for-legacy-unstratified-bootstrap,25bd4f09525df2d10ad809b0d139f1b83ba897def66ff3036aa6420156e40615,legacy unstratified percentile; Performance is bootstrap mean,2000,42
canonical_gt3,1,EDSS > 3.0,NDI,NDI,5,Tract-based,1,0,none,MS; joint tract+classical complete cases,79,39,40,49.3670886075949,0.959255137889923,0.915294343543869,0.988989563408168,0.959255137889923,44.026564096192,0.000868511373751353,1.28925798063121e-05,NaN,canonical family untouched; no exploratory adjustment,not-recorded-for-legacy-unstratified-bootstrap,25bd4f09525df2d10ad809b0d139f1b83ba897def66ff3036aa6420156e40615,legacy unstratified percentile; Performance is bootstrap mean,2000,42
canonical_gt3,1,EDSS > 3.0,NDI,NDI,5,Classical-region,2,0,none,MS; joint tract+classical complete cases,79,39,40,49.3670886075949,0.865274402828618,0.771726348196936,0.940476545418406,0.865274402828618,79.4173581330991,0.0145634847750124,2.07563896462451e-05,NaN,canonical family untouched; no exploratory adjustment,not-recorded-for-legacy-unstratified-bootstrap,25bd4f09525df2d10ad809b0d139f1b83ba897def66ff3036aa6420156e40615,legacy unstratified percentile; Performance is bootstrap mean,2000,42
canonical_gt3,1,EDSS > 3.0,NDI,NDI,5,Tract-based,1,1,Age+GenderNum+DurationOfDisease,MS; joint tract+classical complete cases,79,39,40,49.3670886075949,0.970330903280072,0.935599078341014,0.992921492921493,0.970330903280072,47.2187661088121,0.000868511373751353,9.27733454944947e-05,NaN,canonical family untouched; no exploratory adjustment,not-recorded-for-legacy-unstratified-bootstrap,25bd4f09525df2d10ad809b0d139f1b83ba897def66ff3036aa6420156e40615,legacy unstratified percentile; Performance is bootstrap mean,2000,42
canonical_gt3,1,EDSS > 3.0,NDI,NDI,5,Classical-region,2,1,Age+GenderNum+DurationOfDisease,MS; joint tract+classical complete cases,79,39,40,49.3670886075949,0.899389067715601,0.829284683975872,0.959459459459459,0.899389067715601,72.2780616267254,0.0145634847750124,0.000113536200849748,NaN,canonical family untouched; no exploratory adjustment,not-recorded-for-legacy-unstratified-bootstrap,25bd4f09525df2d10ad809b0d139f1b83ba897def66ff3036aa6420156e40615,legacy unstratified percentile; Performance is bootstrap mean,2000,42
canonical_gt3,1,EDSS > 3.0,ODI,ODI,6,Tract-based,1,0,none,MS; joint tract+classical complete cases,79,39,40,49.3670886075949,0.911782880695164,0.835595776772247,0.971291208791209,0.911782880695164,67.2950578397383,0.00268269579527973,1.1507999986084e-05,NaN,canonical family untouched; no exploratory adjustment,not-recorded-for-legacy-unstratified-bootstrap,25bd4f09525df2d10ad809b0d139f1b83ba897def66ff3036aa6420156e40615,legacy unstratified percentile; Performance is bootstrap mean,2000,42
canonical_gt3,1,EDSS > 3.0,ODI,ODI,6,Classical-region,2,0,none,MS; joint tract+classical complete cases,79,39,40,49.3670886075949,0.636786301962363,0.509365859365859,0.757875429486683,0.636786301962363,108.054070522008,1.32571136559011,0.0274801997868031,NaN,canonical family untouched; no exploratory adjustment,not-recorded-for-legacy-unstratified-bootstrap,25bd4f09525df2d10ad809b0d139f1b83ba897def66ff3036aa6420156e40615,legacy unstratified percentile; Performance is bootstrap mean,2000,42
canonical_gt3,1,EDSS > 3.0,ODI,ODI,6,Tract-based,1,1,Age+GenderNum+DurationOfDisease,MS; joint tract+classical complete cases,79,39,40,49.3670886075949,0.927789606889862,0.859649589540894,0.97987012987013,0.927789606889862,65.265127250596,0.00268269579527973,9.54633493859882e-05,NaN,canonical family untouched; no exploratory adjustment,not-recorded-for-legacy-unstratified-bootstrap,25bd4f09525df2d10ad809b0d139f1b83ba897def66ff3036aa6420156e40615,legacy unstratified percentile; Performance is bootstrap mean,2000,42
canonical_gt3,1,EDSS > 3.0,ODI,ODI,6,Classical-region,2,1,Age+GenderNum+DurationOfDisease,MS; joint tract+classical complete cases,79,39,40,49.3670886075949,0.803839350397459,0.700258397932817,0.894465894465895,0.803839350397459,92.4228313733451,1.32571136559011,0.0294201769292427,NaN,canonical family untouched; no exploratory adjustment,not-recorded-for-legacy-unstratified-bootstrap,25bd4f09525df2d10ad809b0d139f1b83ba897def66ff3036aa6420156e40615,legacy unstratified percentile; Performance is bootstrap mean,2000,42
canonical_gt3,1,EDSS > 3.0,FWF,ISOVF,7,Tract-based,1,0,none,MS; joint tract+classical complete cases,79,39,40,49.3670886075949,0.860229840868061,0.773827059465357,0.934168646668647,0.860229840868061,75.1373151065485,0.079060432109077,1.13328404904579e-05,NaN,canonical family untouched; no exploratory adjustment,not-recorded-for-legacy-unstratified-bootstrap,25bd4f09525df2d10ad809b0d139f1b83ba897def66ff3036aa6420156e40615,legacy unstratified percentile; Performance is bootstrap mean,2000,42
canonical_gt3,1,EDSS > 3.0,FWF,ISOVF,7,Classical-region,2,0,none,MS; joint tract+classical complete cases,79,39,40,49.3670886075949,0.721029253437655,0.60570318217377,0.830077677903765,0.721029253437655,101.376094612193,0.138949549437314,0.00177713207438236,NaN,canonical family untouched; no exploratory adjustment,not-recorded-for-legacy-unstratified-bootstrap,25bd4f09525df2d10ad809b0d139f1b83ba897def66ff3036aa6420156e40615,legacy unstratified percentile; Performance is bootstrap mean,2000,42
canonical_gt3,1,EDSS > 3.0,FWF,ISOVF,7,Tract-based,1,1,Age+GenderNum+DurationOfDisease,MS; joint tract+classical complete cases,79,39,40,49.3670886075949,0.891331835605145,0.816332544220863,0.953367562669888,0.891331835605145,76.0343189835599,0.079060432109077,0.000669591464675579,NaN,canonical family untouched; no exploratory adjustment,not-recorded-for-legacy-unstratified-bootstrap,25bd4f09525df2d10ad809b0d139f1b83ba897def66ff3036aa6420156e40615,legacy unstratified percentile; Performance is bootstrap mean,2000,42
canonical_gt3,1,EDSS > 3.0,FWF,ISOVF,7,Classical-region,2,1,Age+GenderNum+DurationOfDisease,MS; joint tract+classical complete cases,79,39,40,49.3670886075949,0.799873412691654,0.692156862745098,0.888995726495726,0.799873412691654,95.8532493309749,0.138949549437314,0.163121669410255,NaN,canonical family untouched; no exploratory adjustment,not-recorded-for-legacy-unstratified-bootstrap,25bd4f09525df2d10ad809b0d139f1b83ba897def66ff3036aa6420156e40615,legacy unstratified percentile; Performance is bootstrap mean,2000,42
sensitivity_ge4,2,EDSS >= 4.0,T1,T1,1,Tract-based,1,0,none,MS; joint tract+classical complete cases,80,31,49,38.75,0.947272840162264,0.897742334026002,0.986027752820206,0.947272840162264,50.1010349957024,0.000868511373751353,3.01743023029178e-05,NaN,none; no-demographic rows outside exploratory family,not-recorded-for-legacy-unstratified-bootstrap,29b34611ecebe2f5e28613f90b3248d73624825a1971d10b914d5c63fbcf90c1,legacy unstratified percentile; Performance is bootstrap mean,2000,42
sensitivity_ge4,2,EDSS >= 4.0,T1,T1,1,Classical-region,2,0,none,MS; joint tract+classical complete cases,80,31,49,38.75,0.789880332748298,0.68179674796748,0.879902166317261,0.789880332748298,88.5905386712742,0.429193426012878,8.93397132650048e-05,NaN,none; no-demographic rows outside exploratory family,not-recorded-for-legacy-unstratified-bootstrap,29b34611ecebe2f5e28613f90b3248d73624825a1971d10b914d5c63fbcf90c1,legacy unstratified percentile; Performance is bootstrap mean,2000,42
sensitivity_ge4,2,EDSS >= 4.0,T1,T1,1,Tract-based,1,1,Age+GenderNum+DurationOfDisease,MS; joint tract+classical complete cases,80,31,49,38.75,0.967263017866311,0.928406846609612,0.995202975041685,0.967263017866311,46.7984538502658,0.000868511373751353,0.000396950326040068,0.00555730456456096,exploratory EDSS sensitivity +demographic family only (14 models),not-recorded-for-legacy-unstratified-bootstrap,29b34611ecebe2f5e28613f90b3248d73624825a1971d10b914d5c63fbcf90c1,legacy unstratified percentile; Performance is bootstrap mean,2000,42
sensitivity_ge4,2,EDSS >= 4.0,T1,T1,1,Classical-region,2,1,Age+GenderNum+DurationOfDisease,MS; joint tract+classical complete cases,80,31,49,38.75,0.849875754053907,0.756877237851662,0.927677172841176,0.849875754053907,82.8410661840631,0.429193426012878,0.00168046667505493,0.023526533450769,exploratory EDSS sensitivity +demographic family only (14 models),not-recorded-for-legacy-unstratified-bootstrap,29b34611ecebe2f5e28613f90b3248d73624825a1971d10b914d5c63fbcf90c1,legacy unstratified percentile; Performance is bootstrap mean,2000,42
sensitivity_ge4,2,EDSS >= 4.0,MTR,MTR,2,Tract-based,1,0,none,MS; joint tract+classical complete cases,80,31,49,38.75,0.866904299383156,0.782088554720134,0.9393261257072,0.866904299383156,74.3465222933442,0.429193426012878,8.13593077479586e-06,NaN,none; no-demographic rows outside exploratory family,not-recorded-for-legacy-unstratified-bootstrap,29b34611ecebe2f5e28613f90b3248d73624825a1971d10b914d5c63fbcf90c1,legacy unstratified percentile; Performance is bootstrap mean,2000,42
sensitivity_ge4,2,EDSS >= 4.0,MTR,MTR,2,Classical-region,2,0,none,MS; joint tract+classical complete cases,80,31,49,38.75,0.696798083810844,0.566491112574062,0.814731153902135,0.696798083810844,101.522165089646,1e-06,0.00580435594852773,NaN,none; no-demographic rows outside exploratory family,not-recorded-for-legacy-unstratified-bootstrap,29b34611ecebe2f5e28613f90b3248d73624825a1971d10b914d5c63fbcf90c1,legacy unstratified percentile; Performance is bootstrap mean,2000,42
sensitivity_ge4,2,EDSS >= 4.0,MTR,MTR,2,Tract-based,1,1,Age+GenderNum+DurationOfDisease,MS; joint tract+classical complete cases,80,31,49,38.75,0.899860106619585,0.824854166666667,0.957867017774852,0.899860106619585,71.9463580467304,0.429193426012878,6.80591420503615e-05,0.00095282798870506,exploratory EDSS sensitivity +demographic family only (14 models),not-recorded-for-legacy-unstratified-bootstrap,29b34611ecebe2f5e28613f90b3248d73624825a1971d10b914d5c63fbcf90c1,legacy unstratified percentile; Performance is bootstrap mean,2000,42
sensitivity_ge4,2,EDSS >= 4.0,MTR,MTR,2,Classical-region,2,1,Age+GenderNum+DurationOfDisease,MS; joint tract+classical complete cases,80,31,49,38.75,0.838319308039665,0.742360437428345,0.921120220924908,0.838319308039665,86.8505919534451,1e-06,0.00673384124879358,0.0942737774831101,exploratory EDSS sensitivity +demographic family only (14 models),not-recorded-for-legacy-unstratified-bootstrap,29b34611ecebe2f5e28613f90b3248d73624825a1971d10b914d5c63fbcf90c1,legacy unstratified percentile; Performance is bootstrap mean,2000,42
sensitivity_ge4,2,EDSS >= 4.0,FA,FA,3,Tract-based,1,0,none,MS; joint tract+classical complete cases,79,31,48,39.2405063291139,0.858369667117149,0.763448275862069,0.935976120466898,0.858369667117149,77.8652006652594,0.0255954792269954,9.66512654634255e-06,NaN,none; no-demographic rows outside exploratory family,not-recorded-for-legacy-unstratified-bootstrap,25bd4f09525df2d10ad809b0d139f1b83ba897def66ff3036aa6420156e40615,legacy unstratified percentile; Performance is bootstrap mean,2000,42
sensitivity_ge4,2,EDSS >= 4.0,FA,FA,3,Classical-region,2,0,none,MS; joint tract+classical complete cases,79,31,48,39.2405063291139,0.588827775893955,0.461167672197084,0.71095292955892,0.588827775893955,108.137413298915,0.429193426012878,0.200850821666392,NaN,none; no-demographic rows outside exploratory family,not-recorded-for-legacy-unstratified-bootstrap,25bd4f09525df2d10ad809b0d139f1b83ba897def66ff3036aa6420156e40615,legacy unstratified percentile; Performance is bootstrap mean,2000,42
sensitivity_ge4,2,EDSS >= 4.0,FA,FA,3,Tract-based,1,1,Age+GenderNum+DurationOfDisease,MS; joint tract+classical complete cases,79,31,48,39.2405063291139,0.907046272885038,0.838274436696189,0.962124226348364,0.907046272885038,71.4103455682697,0.0255954792269954,5.96752656535526e-05,0.000835453719149736,exploratory EDSS sensitivity +demographic family only (14 models),not-recorded-for-legacy-unstratified-bootstrap,25bd4f09525df2d10ad809b0d139f1b83ba897def66ff3036aa6420156e40615,legacy unstratified percentile; Performance is bootstrap mean,2000,42
sensitivity_ge4,2,EDSS >= 4.0,FA,FA,3,Classical-region,2,1,Age+GenderNum+DurationOfDisease,MS; joint tract+classical complete cases,79,31,48,39.2405063291139,0.795594438911877,0.684871884871885,0.892034317769345,0.795594438911877,93.5640310051489,0.429193426012878,0.205485728706686,1,exploratory EDSS sensitivity +demographic family only (14 models),not-recorded-for-legacy-unstratified-bootstrap,25bd4f09525df2d10ad809b0d139f1b83ba897def66ff3036aa6420156e40615,legacy unstratified percentile; Performance is bootstrap mean,2000,42
sensitivity_ge4,2,EDSS >= 4.0,MD,MD,4,Tract-based,1,0,none,MS; joint tract+classical complete cases,79,31,48,39.2405063291139,0.834085732933022,0.739989329064959,0.914926247587538,0.834085732933022,82.5292833248503,0.754312006335462,5.77426621886105e-05,NaN,none; no-demographic rows outside exploratory family,not-recorded-for-legacy-unstratified-bootstrap,25bd4f09525df2d10ad809b0d139f1b83ba897def66ff3036aa6420156e40615,legacy unstratified percentile; Performance is bootstrap mean,2000,42
sensitivity_ge4,2,EDSS >= 4.0,MD,MD,4,Classical-region,2,0,none,MS; joint tract+classical complete cases,79,31,48,39.2405063291139,0.809408937692881,0.702678011643529,0.902792083360817,0.809408937692881,88.3659024022481,0.00471486636345739,0.00041605100374759,NaN,none; no-demographic rows outside exploratory family,not-recorded-for-legacy-unstratified-bootstrap,25bd4f09525df2d10ad809b0d139f1b83ba897def66ff3036aa6420156e40615,legacy unstratified percentile; Performance is bootstrap mean,2000,42
sensitivity_ge4,2,EDSS >= 4.0,MD,MD,4,Tract-based,1,1,Age+GenderNum+DurationOfDisease,MS; joint tract+classical complete cases,79,31,48,39.2405063291139,0.880829568153527,0.801367053998633,0.945127367186191,0.880829568153527,78.2440926877612,0.754312006335462,0.000655230703687443,0.0091732298516242,exploratory EDSS sensitivity +demographic family only (14 models),not-recorded-for-legacy-unstratified-bootstrap,25bd4f09525df2d10ad809b0d139f1b83ba897def66ff3036aa6420156e40615,legacy unstratified percentile; Performance is bootstrap mean,2000,42
sensitivity_ge4,2,EDSS >= 4.0,MD,MD,4,Classical-region,2,1,Age+GenderNum+DurationOfDisease,MS; joint tract+classical complete cases,79,31,48,39.2405063291139,0.861252645522066,0.775494703628578,0.93967698967699,0.861252645522066,82.9130814930904,0.00471486636345739,0.00407879882891957,0.057103183604874,exploratory EDSS sensitivity +demographic family only (14 models),not-recorded-for-legacy-unstratified-bootstrap,25bd4f09525df2d10ad809b0d139f1b83ba897def66ff3036aa6420156e40615,legacy unstratified percentile; Performance is bootstrap mean,2000,42
sensitivity_ge4,2,EDSS >= 4.0,NDI,NDI,5,Tract-based,1,0,none,MS; joint tract+classical complete cases,79,31,48,39.2405063291139,0.891749419418498,0.815402916485743,0.949238551986706,0.891749419418498,68.3131880972233,0.079060432109077,7.17292248473792e-06,NaN,none; no-demographic rows outside exploratory family,not-recorded-for-legacy-unstratified-bootstrap,25bd4f09525df2d10ad809b0d139f1b83ba897def66ff3036aa6420156e40615,legacy unstratified percentile; Performance is bootstrap mean,2000,42
sensitivity_ge4,2,EDSS >= 4.0,NDI,NDI,5,Classical-region,2,0,none,MS; joint tract+classical complete cases,79,31,48,39.2405063291139,0.844449716018573,0.74000266773376,0.931372064955014,0.844449716018573,82.8754712533333,0.0255954792269954,7.57387452383942e-05,NaN,none; no-demographic rows outside exploratory family,not-recorded-for-legacy-unstratified-bootstrap,25bd4f09525df2d10ad809b0d139f1b83ba897def66ff3036aa6420156e40615,legacy unstratified percentile; Performance is bootstrap mean,2000,42
sensitivity_ge4,2,EDSS >= 4.0,NDI,NDI,5,Tract-based,1,1,Age+GenderNum+DurationOfDisease,MS; joint tract+classical complete cases,79,31,48,39.2405063291139,0.920899980077697,0.861292604333132,0.967664071190211,0.920899980077697,65.734737806502,0.079060432109077,7.01791251484887e-05,0.000982507752078841,exploratory EDSS sensitivity +demographic family only (14 models),not-recorded-for-legacy-unstratified-bootstrap,25bd4f09525df2d10ad809b0d139f1b83ba897def66ff3036aa6420156e40615,legacy unstratified percentile; Performance is bootstrap mean,2000,42
sensitivity_ge4,2,EDSS >= 4.0,NDI,NDI,5,Classical-region,2,1,Age+GenderNum+DurationOfDisease,MS; joint tract+classical complete cases,79,31,48,39.2405063291139,0.887775492923103,0.803545212551424,0.95436142198815,0.887775492923103,74.2155633690235,0.0255954792269954,0.000354079084635997,0.00495710718490396,exploratory EDSS sensitivity +demographic family only (14 models),not-recorded-for-legacy-unstratified-bootstrap,25bd4f09525df2d10ad809b0d139f1b83ba897def66ff3036aa6420156e40615,legacy unstratified percentile; Performance is bootstrap mean,2000,42
sensitivity_ge4,2,EDSS >= 4.0,ODI,ODI,6,Tract-based,1,0,none,MS; joint tract+classical complete cases,79,31,48,39.2405063291139,0.875151031769153,0.785352999434069,0.943042986425339,0.875151031769153,74.8785342798528,0.000868511373751353,1.72506365232786e-05,NaN,none; no-demographic rows outside exploratory family,not-recorded-for-legacy-unstratified-bootstrap,25bd4f09525df2d10ad809b0d139f1b83ba897def66ff3036aa6420156e40615,legacy unstratified percentile; Performance is bootstrap mean,2000,42
sensitivity_ge4,2,EDSS >= 4.0,ODI,ODI,6,Classical-region,2,0,none,MS; joint tract+classical complete cases,79,31,48,39.2405063291139,0.627023341637321,0.495971170259026,0.744725621060437,0.627023341637321,105.560125611308,0.429193426012878,0.0509333928520924,NaN,none; no-demographic rows outside exploratory family,not-recorded-for-legacy-unstratified-bootstrap,25bd4f09525df2d10ad809b0d139f1b83ba897def66ff3036aa6420156e40615,legacy unstratified percentile; Performance is bootstrap mean,2000,42
sensitivity_ge4,2,EDSS >= 4.0,ODI,ODI,6,Tract-based,1,1,Age+GenderNum+DurationOfDisease,MS; joint tract+classical complete cases,79,31,48,39.2405063291139,0.902389558586381,0.823414266892528,0.962558666877604,0.902389558586381,70.9252539962827,0.000868511373751353,0.000135470268808607,0.0018965837633205,exploratory EDSS sensitivity +demographic family only (14 models),not-recorded-for-legacy-unstratified-bootstrap,25bd4f09525df2d10ad809b0d139f1b83ba897def66ff3036aa6420156e40615,legacy unstratified percentile; Performance is bootstrap mean,2000,42
sensitivity_ge4,2,EDSS >= 4.0,ODI,ODI,6,Classical-region,2,1,Age+GenderNum+DurationOfDisease,MS; joint tract+classical complete cases,79,31,48,39.2405063291139,0.809012652386707,0.700653594771242,0.902686194094863,0.809012652386707,91.563247354801,0.429193426012878,0.0728829195723584,1,exploratory EDSS sensitivity +demographic family only (14 models),not-recorded-for-legacy-unstratified-bootstrap,25bd4f09525df2d10ad809b0d139f1b83ba897def66ff3036aa6420156e40615,legacy unstratified percentile; Performance is bootstrap mean,2000,42
sensitivity_ge4,2,EDSS >= 4.0,FWF,ISOVF,7,Tract-based,1,0,none,MS; joint tract+classical complete cases,79,31,48,39.2405063291139,0.830430442523088,0.719202898550725,0.919447534297367,0.830430442523088,78.3746865049206,0.0449843266896945,1.58561297588616e-05,NaN,none; no-demographic rows outside exploratory family,not-recorded-for-legacy-unstratified-bootstrap,25bd4f09525df2d10ad809b0d139f1b83ba897def66ff3036aa6420156e40615,legacy unstratified percentile; Performance is bootstrap mean,2000,42
sensitivity_ge4,2,EDSS >= 4.0,FWF,ISOVF,7,Classical-region,2,0,none,MS; joint tract+classical complete cases,79,31,48,39.2405063291139,0.695889984015119,0.572531682876511,0.809655172413793,0.695889984015119,98.5614321874461,0.244205309454865,0.00203319196158524,NaN,none; no-demographic rows outside exploratory family,not-recorded-for-legacy-unstratified-bootstrap,25bd4f09525df2d10ad809b0d139f1b83ba897def66ff3036aa6420156e40615,legacy unstratified percentile; Performance is bootstrap mean,2000,42
sensitivity_ge4,2,EDSS >= 4.0,FWF,ISOVF,7,Tract-based,1,1,Age+GenderNum+DurationOfDisease,MS; joint tract+classical complete cases,79,31,48,39.2405063291139,0.866112664024045,0.77785169058754,0.941354259951209,0.866112664024045,79.0347710095915,0.0449843266896945,0.00186764757401516,0.0261470660362122,exploratory EDSS sensitivity +demographic family only (14 models),not-recorded-for-legacy-unstratified-bootstrap,25bd4f09525df2d10ad809b0d139f1b83ba897def66ff3036aa6420156e40615,legacy unstratified percentile; Performance is bootstrap mean,2000,42
sensitivity_ge4,2,EDSS >= 4.0,FWF,ISOVF,7,Classical-region,2,1,Age+GenderNum+DurationOfDisease,MS; joint tract+classical complete cases,79,31,48,39.2405063291139,0.806322959210532,0.70046933502083,0.89534632034632,0.806322959210532,93.5648707482508,0.244205309454865,0.198266998803625,1,exploratory EDSS sensitivity +demographic family only (14 models),not-recorded-for-legacy-unstratified-bootstrap,25bd4f09525df2d10ad809b0d139f1b83ba897def66ff3036aa6420156e40615,legacy unstratified percentile; Performance is bootstrap mean,2000,42
