Metric,DisplayMetric,MetricOrder,Model,ModelOrder,Adjusted,Demographics,CasePolicy,N_gt3,PositiveN_gt3,NegativeN_gt3,PercentPositive_gt3,AUC_gt3,AUC_CI_Lower_gt3,AUC_CI_Upper_gt3,CanonicalReportedAUC_gt3,CanonicalReportedCI_Lower_gt3,CanonicalReportedCI_Upper_gt3,AIC_gt3,Lambda_gt3,p_raw_gt3,N_ge4,PositiveN_ge4,NegativeN_ge4,PercentPositive_ge4,AUC_ge4,AUC_CI_Lower_ge4,AUC_CI_Upper_ge4,AIC_ge4,Lambda_ge4,p_raw_ge4,p_exploratory_bonferroni14_ge4,SensitivityMultiplicityLabel,AUC_change_ge4_minus_gt3,AIC_change_ge4_minus_gt3,TractMinusClassicalAUC_gt3,TractMinusClassicalAUC_CI_Lower_gt3,TractMinusClassicalAUC_CI_Upper_gt3,TractMinusClassicalAUC_ge4,TractMinusClassicalAUC_CI_Lower_ge4,TractMinusClassicalAUC_CI_Upper_ge4,TractMinusClassicalAIC_gt3,TractMinusClassicalAIC_ge4,SubjectIDsIdenticalAcrossThresholds,SubjectIDSetSHA256,BootstrapMethod,BootstrapRepetitions,BootstrapSeed
T1,T1,1,Tract-based,1,0,none,MS; joint tract+classical complete cases,80,39,41,48.75,0.961225766103815,0.910569105691057,1,0.961516180631781,0.910798337306681,1,46.3834346630876,0.00471486636345739,2.77513511692668e-05,80,31,49,38.75,0.946675444371297,0.8963133640553,0.983541803818301,50.1010349957024,0.000868511373751353,3.01743023029178e-05,NaN,none; no-demographic rows outside exploratory family,-0.014550321732518,3.71760033261477,0.110694183864916,0.024390243902439,0.213883677298311,0.15668202764977,0.0638578011849902,0.264647794601712,-34.9666355205944,-38.4895036755718,1,29b34611ecebe2f5e28613f90b3248d73624825a1971d10b914d5c63fbcf90c1,paired class-stratified percentile,2000,42
T1,T1,1,Classical-region,2,0,none,MS; joint tract+classical complete cases,80,39,41,48.75,0.850531582238899,0.75140712945591,0.928705440900563,0.850263252331214,0.756181612568005,0.931054061653166,81.350070183682,1e-06,1.31047824886285e-05,80,31,49,38.75,0.789993416721527,0.684660961158657,0.878867676102699,88.5905386712742,0.429193426012878,8.93397132650048e-05,NaN,none; no-demographic rows outside exploratory family,-0.060538165517372,7.24046848759218,0.110694183864916,0.024390243902439,0.213883677298311,0.15668202764977,0.0638578011849902,0.264647794601712,-34.9666355205944,-38.4895036755718,1,29b34611ecebe2f5e28613f90b3248d73624825a1971d10b914d5c63fbcf90c1,paired class-stratified percentile,2000,42
T1,T1,1,Tract-based,1,1,Age+GenderNum+DurationOfDisease,MS; joint tract+classical complete cases,80,39,41,48.75,0.956222639149468,0.902751719824891,0.99812382739212,0.956405425616208,0.904040404040404,0.998749218261413,47.8343319346459,0.00471486636345739,0.000185556657183721,80,31,49,38.75,0.967083607636603,0.927254772876893,0.994733377221857,46.7984538502658,0.000868511373751353,0.000396950326040068,0.00555730456456096,exploratory EDSS sensitivity +demographic family only (14 models),0.0108609684871347,-1.03587808438014,0.071294559099437,-0.00594121325828645,0.160100062539087,0.116524028966425,0.0421329822251482,0.207044107965767,-32.0340902778222,-36.0426123337973,1,29b34611ecebe2f5e28613f90b3248d73624825a1971d10b914d5c63fbcf90c1,paired class-stratified percentile,2000,42
T1,T1,1,Classical-region,2,1,Age+GenderNum+DurationOfDisease,MS; joint tract+classical complete cases,80,39,41,48.75,0.884928080050031,0.792995622263915,0.955284552845528,0.884683059267956,0.802822434983524,0.956945317410434,79.8684222124682,1e-06,0.00030541434569327,80,31,49,38.75,0.850559578670178,0.757406188281764,0.926267281105991,82.8410661840631,0.429193426012878,0.00168046667505493,0.023526533450769,exploratory EDSS sensitivity +demographic family only (14 models),-0.0343685013798536,2.97264397159492,0.071294559099437,-0.00594121325828645,0.160100062539087,0.116524028966425,0.0421329822251482,0.207044107965767,-32.0340902778222,-36.0426123337973,1,29b34611ecebe2f5e28613f90b3248d73624825a1971d10b914d5c63fbcf90c1,paired class-stratified percentile,2000,42
MTR,MTR,2,Tract-based,1,0,none,MS; joint tract+classical complete cases,80,39,41,48.75,0.90556597873671,0.83270794246404,0.966854283927455,0.905912918037955,0.834635709818637,0.963113469355847,63.9932905732981,0.0449843266896945,1.74510592749925e-06,80,31,49,38.75,0.866359447004608,0.78604344963792,0.93943383805135,74.3465222933442,0.429193426012878,8.13593077479586e-06,NaN,none; no-demographic rows outside exploratory family,-0.0392065317321021,10.353231720046,0.174484052532833,0.0628517823639775,0.292995622263915,0.171165240289664,0.054641211323239,0.292955892034233,-36.960630190751,-27.1756427963018,1,29b34611ecebe2f5e28613f90b3248d73624825a1971d10b914d5c63fbcf90c1,paired class-stratified percentile,2000,42
MTR,MTR,2,Classical-region,2,0,none,MS; joint tract+classical complete cases,80,39,41,48.75,0.731081926203877,0.611944965603502,0.843339587242026,0.731868209132624,0.613220175491618,0.840525328330206,100.953920764049,1.32571136559011,0.00108105614892308,80,31,49,38.75,0.695194206714944,0.564845292955892,0.814351547070441,101.522165089646,1e-06,0.00580435594852773,NaN,none; no-demographic rows outside exploratory family,-0.0358877194889334,0.568244325596808,0.174484052532833,0.0628517823639775,0.292995622263915,0.171165240289664,0.054641211323239,0.292955892034233,-36.960630190751,-27.1756427963018,1,29b34611ecebe2f5e28613f90b3248d73624825a1971d10b914d5c63fbcf90c1,paired class-stratified percentile,2000,42
MTR,MTR,2,Tract-based,1,1,Age+GenderNum+DurationOfDisease,MS; joint tract+classical complete cases,80,39,41,48.75,0.918073796122577,0.849906191369606,0.973420888055034,0.918531821507023,0.85250543252819,0.971354166666667,66.3092580881504,0.0449843266896945,2.95784127875618e-05,80,31,49,38.75,0.899934167215273,0.826859776168532,0.957867017774852,71.9463580467304,0.429193426012878,6.80591420503615e-05,0.00095282798870506,exploratory EDSS sensitivity +demographic family only (14 models),-0.0181396289073034,5.63709995858005,0.0475297060662914,-0.0153220762976861,0.116948092557849,0.0612244897959183,-0.00493745885450952,0.133640552995392,-15.623204713805,-14.9042339067147,1,29b34611ecebe2f5e28613f90b3248d73624825a1971d10b914d5c63fbcf90c1,paired class-stratified percentile,2000,42
MTR,MTR,2,Classical-region,2,1,Age+GenderNum+DurationOfDisease,MS; joint tract+classical complete cases,80,39,41,48.75,0.870544090056285,0.780800500312695,0.942776735459662,0.871089955347286,0.787134502923977,0.941041691852031,81.9324628019554,1.32571136559011,0.000516764488918594,80,31,49,38.75,0.838709677419355,0.74292297564187,0.91705069124424,86.8505919534451,1e-06,0.00673384124879358,0.0942737774831101,exploratory EDSS sensitivity +demographic family only (14 models),-0.0318344126369303,4.91812915148974,0.0475297060662914,-0.0153220762976861,0.116948092557849,0.0612244897959183,-0.00493745885450952,0.133640552995392,-15.623204713805,-14.9042339067147,1,29b34611ecebe2f5e28613f90b3248d73624825a1971d10b914d5c63fbcf90c1,paired class-stratified percentile,2000,42
FA,FA,3,Tract-based,1,0,none,MS; joint tract+classical complete cases,79,39,40,49.3670886075949,0.896794871794872,0.826282051282051,0.961217948717949,0.897390035912638,0.822539346957952,0.959032634032634,67.2153080168377,0.0449843266896945,5.0284578255999e-06,79,31,48,39.2405063291139,0.856854838709677,0.765456989247312,0.935147849462366,77.8652006652594,0.0255954792269954,9.66512654634255e-06,NaN,none; no-demographic rows outside exploratory family,-0.0399400330851944,10.6498926484216,0.317948717948718,0.161538461538462,0.471474358974359,0.265456989247312,0.114247311827957,0.415994623655914,-44.6987981349944,-30.2722126336555,1,25bd4f09525df2d10ad809b0d139f1b83ba897def66ff3036aa6420156e40615,paired class-stratified percentile,2000,42
FA,FA,3,Classical-region,2,0,none,MS; joint tract+classical complete cases,79,39,40,49.3670886075949,0.578846153846154,0.444551282051282,0.70224358974359,0.577593454058939,0.439830550586365,0.706808731808732,111.914106151832,12.648552168553,0.217871856166643,79,31,48,39.2405063291139,0.591397849462366,0.467405913978495,0.712365591397849,108.137413298915,0.429193426012878,0.200850821666392,NaN,none; no-demographic rows outside exploratory family,0.0125516956162117,-3.77669285291732,0.317948717948718,0.161538461538462,0.471474358974359,0.265456989247312,0.114247311827957,0.415994623655914,-44.6987981349944,-30.2722126336555,1,25bd4f09525df2d10ad809b0d139f1b83ba897def66ff3036aa6420156e40615,paired class-stratified percentile,2000,42
FA,FA,3,Tract-based,1,1,Age+GenderNum+DurationOfDisease,MS; joint tract+classical complete cases,79,39,40,49.3670886075949,0.933974358974359,0.876282051282051,0.978846153846154,0.934508443467759,0.876059959729315,0.978149064156766,60.8061601574565,0.0449843266896945,4.70783104524891e-05,79,31,48,39.2405063291139,0.906586021505376,0.84005376344086,0.964045698924731,71.4103455682697,0.0255954792269954,5.96752656535526e-05,0.000835453719149736,exploratory EDSS sensitivity +demographic family only (14 models),-0.0273883374689826,10.6041854108132,0.147435897435897,0.0551282051282052,0.249358974358974,0.108870967741935,0.0147849462365591,0.209005376344086,-35.1263337729049,-22.1536854368793,1,25bd4f09525df2d10ad809b0d139f1b83ba897def66ff3036aa6420156e40615,paired class-stratified percentile,2000,42
FA,FA,3,Classical-region,2,1,Age+GenderNum+DurationOfDisease,MS; joint tract+classical complete cases,79,39,40,49.3670886075949,0.786538461538462,0.679807692307692,0.878525641025641,0.786182746623747,0.679075738125802,0.88123428858723,95.9324939303615,12.648552168553,0.180540038274665,79,31,48,39.2405063291139,0.797715053763441,0.691868279569892,0.894489247311828,93.5640310051489,0.429193426012878,0.205485728706686,1,exploratory EDSS sensitivity +demographic family only (14 models),0.0111765922249794,-2.36846292521254,0.147435897435897,0.0551282051282052,0.249358974358974,0.108870967741935,0.0147849462365591,0.209005376344086,-35.1263337729049,-22.1536854368793,1,25bd4f09525df2d10ad809b0d139f1b83ba897def66ff3036aa6420156e40615,paired class-stratified percentile,2000,42
MD,MD,4,Tract-based,1,0,none,MS; joint tract+classical complete cases,79,39,40,49.3670886075949,0.900641025641026,0.826923076923077,0.962820512820513,0.901647760204029,0.826470588235294,0.962635552852944,66.3998210741304,0.00471486636345739,2.88226076313367e-06,79,31,48,39.2405063291139,0.832661290322581,0.73622311827957,0.914314516129032,82.5292833248503,0.754312006335462,5.77426621886105e-05,NaN,none; no-demographic rows outside exploratory family,-0.067979735318445,16.1294622507199,0.0403846153846154,-0.0499999999999999,0.125961538461538,0.0248655913978495,-0.0628360215053764,0.11122311827957,-14.7579029414278,-5.83661907739786,1,25bd4f09525df2d10ad809b0d139f1b83ba897def66ff3036aa6420156e40615,paired class-stratified percentile,2000,42
MD,MD,4,Classical-region,2,0,none,MS; joint tract+classical complete cases,79,39,40,49.3670886075949,0.86025641025641,0.772115384615385,0.937820512820513,0.86067690235909,0.770756050167815,0.936319296645384,81.1577240155581,1e-06,8.38717758563922e-05,79,31,48,39.2405063291139,0.807795698924731,0.70497311827957,0.901881720430108,88.3659024022481,0.00471486636345739,0.00041605100374759,NaN,none; no-demographic rows outside exploratory family,-0.0524607113316792,7.20817838669002,0.0403846153846154,-0.0499999999999999,0.125961538461538,0.0248655913978495,-0.0628360215053764,0.11122311827957,-14.7579029414278,-5.83661907739786,1,25bd4f09525df2d10ad809b0d139f1b83ba897def66ff3036aa6420156e40615,paired class-stratified percentile,2000,42
MD,MD,4,Tract-based,1,1,Age+GenderNum+DurationOfDisease,MS; joint tract+classical complete cases,79,39,40,49.3670886075949,0.921794871794872,0.86025641025641,0.970512820512821,0.922562325050625,0.859113113330439,0.973096695858844,67.1085693317886,0.00471486636345739,9.13795796914098e-05,79,31,48,39.2405063291139,0.881048387096774,0.799059139784946,0.946908602150538,78.2440926877612,0.754312006335462,0.000655230703687443,0.0091732298516242,exploratory EDSS sensitivity +demographic family only (14 models),-0.0407464846980975,11.1355233559726,0.0249999999999999,-0.0346153846153847,0.0833333333333333,0.019489247311828,-0.0352822580645161,0.0759408602150538,-9.07996404829751,-4.66898880532922,1,25bd4f09525df2d10ad809b0d139f1b83ba897def66ff3036aa6420156e40615,paired class-stratified percentile,2000,42
MD,MD,4,Classical-region,2,1,Age+GenderNum+DurationOfDisease,MS; joint tract+classical complete cases,79,39,40,49.3670886075949,0.896794871794872,0.824038461538461,0.962820512820513,0.89724973231387,0.821727874053455,0.959432934292623,76.1885333800861,1e-06,0.000752106794458203,79,31,48,39.2405063291139,0.861559139784946,0.768481182795699,0.940524193548387,82.9130814930904,0.00471486636345739,0.00407879882891957,0.057103183604874,exploratory EDSS sensitivity +demographic family only (14 models),-0.0352357320099256,6.7245481130043,0.0249999999999999,-0.0346153846153847,0.0833333333333333,0.019489247311828,-0.0352822580645161,0.0759408602150538,-9.07996404829751,-4.66898880532922,1,25bd4f09525df2d10ad809b0d139f1b83ba897def66ff3036aa6420156e40615,paired class-stratified percentile,2000,42
NDI,NDI,5,Tract-based,1,0,none,MS; joint tract+classical complete cases,79,39,40,49.3670886075949,0.958974358974359,0.917307692307692,0.989102564102564,0.959255137889923,0.915294343543869,0.988989563408168,44.026564096192,0.000868511373751353,1.28925798063121e-05,79,31,48,39.2405063291139,0.891129032258065,0.819556451612903,0.948252688172043,68.3131880972233,0.079060432109077,7.17292248473792e-06,NaN,none; no-demographic rows outside exploratory family,-0.0678453267162945,24.2866240010314,0.0935897435897436,0.016025641025641,0.174358974358974,0.0477150537634409,-0.0238575268817204,0.12130376344086,-35.3907940369072,-14.5622831561099,1,25bd4f09525df2d10ad809b0d139f1b83ba897def66ff3036aa6420156e40615,paired class-stratified percentile,2000,42
NDI,NDI,5,Classical-region,2,0,none,MS; joint tract+classical complete cases,79,39,40,49.3670886075949,0.865384615384615,0.779166666666667,0.943589743589744,0.865274402828618,0.771726348196936,0.940476545418406,79.4173581330991,0.0145634847750124,2.07563896462451e-05,79,31,48,39.2405063291139,0.843413978494624,0.743951612903226,0.928091397849462,82.8754712533333,0.0255954792269954,7.57387452383942e-05,NaN,none; no-demographic rows outside exploratory family,-0.0219706368899918,3.45811312023415,0.0935897435897436,0.016025641025641,0.174358974358974,0.0477150537634409,-0.0238575268817204,0.12130376344086,-35.3907940369072,-14.5622831561099,1,25bd4f09525df2d10ad809b0d139f1b83ba897def66ff3036aa6420156e40615,paired class-stratified percentile,2000,42
NDI,NDI,5,Tract-based,1,1,Age+GenderNum+DurationOfDisease,MS; joint tract+classical complete cases,79,39,40,49.3670886075949,0.969871794871795,0.93525641025641,0.992948717948718,0.970330903280072,0.935599078341014,0.992921492921493,47.2187661088121,0.000868511373751353,9.27733454944947e-05,79,31,48,39.2405063291139,0.920698924731183,0.857190860215054,0.967741935483871,65.734737806502,0.079060432109077,7.01791251484887e-05,0.000982507752078841,exploratory EDSS sensitivity +demographic family only (14 models),-0.0491728701406121,18.5159716976899,0.0705128205128205,0.0217948717948718,0.131410256410256,0.0329301075268816,-0.0168010752688172,0.0860215053763441,-25.0592955179133,-8.48082556252153,1,25bd4f09525df2d10ad809b0d139f1b83ba897def66ff3036aa6420156e40615,paired class-stratified percentile,2000,42
NDI,NDI,5,Classical-region,2,1,Age+GenderNum+DurationOfDisease,MS; joint tract+classical complete cases,79,39,40,49.3670886075949,0.899358974358974,0.82724358974359,0.957692307692308,0.899389067715601,0.829284683975872,0.959459459459459,72.2780616267254,0.0145634847750124,0.000113536200849748,79,31,48,39.2405063291139,0.887768817204301,0.806115591397849,0.953965053763441,74.2155633690235,0.0255954792269954,0.000354079084635997,0.00495710718490396,exploratory EDSS sensitivity +demographic family only (14 models),-0.0115901571546733,1.93750174229812,0.0705128205128205,0.0217948717948718,0.131410256410256,0.0329301075268816,-0.0168010752688172,0.0860215053763441,-25.0592955179133,-8.48082556252153,1,25bd4f09525df2d10ad809b0d139f1b83ba897def66ff3036aa6420156e40615,paired class-stratified percentile,2000,42
ODI,ODI,6,Tract-based,1,0,none,MS; joint tract+classical complete cases,79,39,40,49.3670886075949,0.911538461538462,0.842307692307692,0.973076923076923,0.911782880695164,0.835595776772247,0.971291208791209,67.2950578397383,0.00268269579527973,1.1507999986084e-05,79,31,48,39.2405063291139,0.874327956989247,0.794018817204301,0.942540322580645,74.8785342798528,0.000868511373751353,1.72506365232786e-05,NaN,none; no-demographic rows outside exploratory family,-0.0372105045492143,7.58347644011454,0.273717948717949,0.141987179487179,0.405448717948718,0.245295698924731,0.109206989247312,0.383736559139785,-40.7590126822699,-30.6815913314553,1,25bd4f09525df2d10ad809b0d139f1b83ba897def66ff3036aa6420156e40615,paired class-stratified percentile,2000,42
ODI,ODI,6,Classical-region,2,0,none,MS; joint tract+classical complete cases,79,39,40,49.3670886075949,0.637820512820513,0.512179487179487,0.757051282051282,0.636786301962363,0.509365859365859,0.757875429486683,108.054070522008,1.32571136559011,0.0274801997868031,79,31,48,39.2405063291139,0.629032258064516,0.5,0.746975806451613,105.560125611308,0.429193426012878,0.0509333928520924,NaN,none; no-demographic rows outside exploratory family,-0.00878825475599665,-2.49394491070009,0.273717948717949,0.141987179487179,0.405448717948718,0.245295698924731,0.109206989247312,0.383736559139785,-40.7590126822699,-30.6815913314553,1,25bd4f09525df2d10ad809b0d139f1b83ba897def66ff3036aa6420156e40615,paired class-stratified percentile,2000,42
ODI,ODI,6,Tract-based,1,1,Age+GenderNum+DurationOfDisease,MS; joint tract+classical complete cases,79,39,40,49.3670886075949,0.927564102564103,0.865384615384615,0.980769230769231,0.927789606889862,0.859649589540894,0.97987012987013,65.265127250596,0.00268269579527973,9.54633493859882e-05,79,31,48,39.2405063291139,0.90255376344086,0.831989247311828,0.963037634408602,70.9252539962827,0.000868511373751353,0.000135470268808607,0.0018965837633205,exploratory EDSS sensitivity +demographic family only (14 models),-0.0250103391232424,5.66012674568671,0.123717948717949,0.0358974358974359,0.220833333333333,0.0913978494623656,-0.00739247311827962,0.193884408602151,-27.1577041227491,-20.6379933585183,1,25bd4f09525df2d10ad809b0d139f1b83ba897def66ff3036aa6420156e40615,paired class-stratified percentile,2000,42
ODI,ODI,6,Classical-region,2,1,Age+GenderNum+DurationOfDisease,MS; joint tract+classical complete cases,79,39,40,49.3670886075949,0.803846153846154,0.699038461538461,0.892948717948718,0.803839350397459,0.700258397932817,0.894465894465895,92.4228313733451,1.32571136559011,0.0294201769292427,79,31,48,39.2405063291139,0.811155913978495,0.705981182795699,0.904569892473118,91.563247354801,0.429193426012878,0.0728829195723584,1,exploratory EDSS sensitivity +demographic family only (14 models),0.00730976013234075,-0.859584018544055,0.123717948717949,0.0358974358974359,0.220833333333333,0.0913978494623656,-0.00739247311827962,0.193884408602151,-27.1577041227491,-20.6379933585183,1,25bd4f09525df2d10ad809b0d139f1b83ba897def66ff3036aa6420156e40615,paired class-stratified percentile,2000,42
FWF,ISOVF,7,Tract-based,1,0,none,MS; joint tract+classical complete cases,79,39,40,49.3670886075949,0.859615384615385,0.775641025641026,0.932692307692308,0.860229840868061,0.773827059465357,0.934168646668647,75.1373151065485,0.079060432109077,1.13328404904579e-05,79,31,48,39.2405063291139,0.830645161290323,0.715389784946237,0.924395161290323,78.3746865049206,0.0449843266896945,1.58561297588616e-05,NaN,none; no-demographic rows outside exploratory family,-0.0289702233250621,3.2373713983721,0.138461538461539,0.0272435897435897,0.259294871794872,0.134408602150538,0.0383064516129032,0.240927419354839,-26.238779505645,-20.1867456825255,1,25bd4f09525df2d10ad809b0d139f1b83ba897def66ff3036aa6420156e40615,paired class-stratified percentile,2000,42
FWF,ISOVF,7,Classical-region,2,0,none,MS; joint tract+classical complete cases,79,39,40,49.3670886075949,0.721153846153846,0.598076923076923,0.827884615384615,0.721029253437655,0.60570318217377,0.830077677903765,101.376094612193,0.138949549437314,0.00177713207438236,79,31,48,39.2405063291139,0.696236559139785,0.573924731182796,0.806115591397849,98.5614321874461,0.244205309454865,0.00203319196158524,NaN,none; no-demographic rows outside exploratory family,-0.0249172870140612,-2.81466242474735,0.138461538461539,0.0272435897435897,0.259294871794872,0.134408602150538,0.0383064516129032,0.240927419354839,-26.238779505645,-20.1867456825255,1,25bd4f09525df2d10ad809b0d139f1b83ba897def66ff3036aa6420156e40615,paired class-stratified percentile,2000,42
FWF,ISOVF,7,Tract-based,1,1,Age+GenderNum+DurationOfDisease,MS; joint tract+classical complete cases,79,39,40,49.3670886075949,0.891025641025641,0.815384615384615,0.95448717948718,0.891331835605145,0.816332544220863,0.953367562669888,76.0343189835599,0.079060432109077,0.000669591464675579,79,31,48,39.2405063291139,0.866935483870968,0.772849462365591,0.941532258064516,79.0347710095915,0.0449843266896945,0.00186764757401516,0.0261470660362122,exploratory EDSS sensitivity +demographic family only (14 models),-0.0240901571546733,3.00045202603157,0.0916666666666667,0.0253205128205127,0.175,0.0591397849462366,-0.00235215053763443,0.129704301075269,-19.818930347415,-14.5300997386593,1,25bd4f09525df2d10ad809b0d139f1b83ba897def66ff3036aa6420156e40615,paired class-stratified percentile,2000,42
FWF,ISOVF,7,Classical-region,2,1,Age+GenderNum+DurationOfDisease,MS; joint tract+classical complete cases,79,39,40,49.3670886075949,0.799358974358974,0.697115384615385,0.887179487179487,0.799873412691654,0.692156862745098,0.888995726495726,95.8532493309749,0.138949549437314,0.163121669410255,79,31,48,39.2405063291139,0.807795698924731,0.702956989247312,0.895833333333333,93.5648707482508,0.244205309454865,0.198266998803625,1,exploratory EDSS sensitivity +demographic family only (14 models),0.00843672456575673,-2.28837858272406,0.0916666666666667,0.0253205128205127,0.175,0.0591397849462366,-0.00235215053763443,0.129704301075269,-19.818930347415,-14.5300997386593,1,25bd4f09525df2d10ad809b0d139f1b83ba897def66ff3036aa6420156e40615,paired class-stratified percentile,2000,42
