ThresholdLabel,PositiveRule,Outcome,Metric,Model,Adjusted,Demographics,N,PositiveN,PerformanceName,Performance,CI_lower,CI_upper,p_raw,AIC,Lambda,SubjectIDSetSHA256
canonical_gt3,EDSS > 3.0,EDSS,LN,Whole Brain,0,none,89,41,AUC,0.672974412139299,0.555821541191853,0.786634800992738,0.0454909314582927,122.450770562631,1e-06,d57fe35bdd24e9ac2c9236c5a42e385bf005424439cc3d1224ef74737f5966e9
canonical_gt3,EDSS > 3.0,EDSS,LN,Tract-based,0,none,89,41,AUC,0.839976427201476,0.747793263646922,0.91526344590369,5.76598807259245e-05,101.824357642,0.00828642772854684,d57fe35bdd24e9ac2c9236c5a42e385bf005424439cc3d1224ef74737f5966e9
canonical_gt3,EDSS > 3.0,EDSS,LN,Classical-region,0,none,89,41,AUC,0.693006084022907,0.578719485772064,0.805977457501848,0.00326106083720554,116.746958937073,0.754312006335462,d57fe35bdd24e9ac2c9236c5a42e385bf005424439cc3d1224ef74737f5966e9
canonical_gt3,EDSS > 3.0,EDSS,LV,Whole Brain,0,none,89,41,AUC,0.827780908549239,0.734298871063577,0.908142540218012,4.12258089960163e-05,97.0940912220796,1e-06,d57fe35bdd24e9ac2c9236c5a42e385bf005424439cc3d1224ef74737f5966e9
canonical_gt3,EDSS > 3.0,EDSS,LV,Tract-based,0,none,89,41,AUC,0.871628897274427,0.785695955313817,0.941925111925112,8.94542869001144e-07,84.0501030758127,0.00471486636345739,d57fe35bdd24e9ac2c9236c5a42e385bf005424439cc3d1224ef74737f5966e9
canonical_gt3,EDSS > 3.0,EDSS,LV,Classical-region,0,none,89,41,AUC,0.832627748128099,0.736345580933466,0.914245345557915,2.72929001834614e-05,91.7570650139194,1e-06,d57fe35bdd24e9ac2c9236c5a42e385bf005424439cc3d1224ef74737f5966e9
canonical_gt3,EDSS > 3.0,EDSS,Lnorm,Tract-based,0,none,89,41,AUC,0.864048810201682,0.780585330501904,0.933210502695425,7.72172287208062e-06,87.2849849337002,0.138949549437314,d57fe35bdd24e9ac2c9236c5a42e385bf005424439cc3d1224ef74737f5966e9
canonical_gt3,EDSS > 3.0,EDSS,Lnorm,Classical-region,0,none,89,41,AUC,0.8227256921304,0.723154623154623,0.907530082530082,3.34678910423943e-05,93.1811261043141,0.00152641796717523,d57fe35bdd24e9ac2c9236c5a42e385bf005424439cc3d1224ef74737f5966e9
sensitivity_ge4,EDSS >= 4.0,EDSS,LN,Whole Brain,0,none,89,32,AUC,0.659909298381994,0.540894012042819,0.775672553162113,0.0568319957806048,116.468705475023,0.754312006335462,d57fe35bdd24e9ac2c9236c5a42e385bf005424439cc3d1224ef74737f5966e9
sensitivity_ge4,EDSS >= 4.0,EDSS,LN,Tract-based,0,none,89,32,AUC,0.804153543004414,0.709531989616735,0.889866186983853,0.000347096290474297,102.905951476685,0.138949549437314,d57fe35bdd24e9ac2c9236c5a42e385bf005424439cc3d1224ef74737f5966e9
sensitivity_ge4,EDSS >= 4.0,EDSS,LN,Classical-region,0,none,89,32,AUC,0.73393197119446,0.620436452092799,0.842285614455426,0.000633029237237968,106.18684817252,0.138949549437314,d57fe35bdd24e9ac2c9236c5a42e385bf005424439cc3d1224ef74737f5966e9
sensitivity_ge4,EDSS >= 4.0,EDSS,LV,Whole Brain,0,none,89,32,AUC,0.800029250785422,0.691930685048532,0.883605195795436,0.000689479067671291,102.215894609102,0.0449843266896945,d57fe35bdd24e9ac2c9236c5a42e385bf005424439cc3d1224ef74737f5966e9
sensitivity_ge4,EDSS >= 4.0,EDSS,LV,Tract-based,0,none,89,32,AUC,0.857596257943106,0.768965517241379,0.934024309024309,2.25449823588885e-06,81.9281452482543,0.0145634847750124,d57fe35bdd24e9ac2c9236c5a42e385bf005424439cc3d1224ef74737f5966e9
sensitivity_ge4,EDSS >= 4.0,EDSS,LV,Classical-region,0,none,89,32,AUC,0.808735576597205,0.705107392607393,0.897880354294828,0.000152561686416362,93.8558160739145,0.0449843266896945,d57fe35bdd24e9ac2c9236c5a42e385bf005424439cc3d1224ef74737f5966e9
sensitivity_ge4,EDSS >= 4.0,EDSS,Lnorm,Tract-based,0,none,89,32,AUC,0.844921205311711,0.744770711983827,0.925376141587186,6.46381582403566e-06,85.7093497794208,0.00828642772854684,d57fe35bdd24e9ac2c9236c5a42e385bf005424439cc3d1224ef74737f5966e9
sensitivity_ge4,EDSS >= 4.0,EDSS,Lnorm,Classical-region,0,none,89,32,AUC,0.796556735176702,0.68883466350302,0.893244492840044,0.000199619317827243,94.8849765645632,1e-06,d57fe35bdd24e9ac2c9236c5a42e385bf005424439cc3d1224ef74737f5966e9
