ThresholdLabel,ThresholdOrder,PositiveRule,Metric,DisplayMetric,MetricOrder,Adjusted,Demographics,N,PositiveN,NegativeN,PercentPositive,TractAUC,ClassicalAUC,TractMinusClassicalDeltaAUC,DeltaAUC_CI_Lower,DeltaAUC_CI_Upper,TractAIC,ClassicalAIC,TractMinusClassicalDeltaAIC,BootstrapIndexSHA256,BootstrapIndicesIdentical,AllBootstrapResamplesTwoClass,PositivePerResample,NegativePerResample,BootstrapRepetitions,BootstrapSeed,SubjectIDSetSHA256
canonical_gt3,1,EDSS > 3.0,T1,T1,1,0,none,80,39,41,48.75,0.961225766103815,0.850531582238899,0.110694183864916,0.024390243902439,0.213883677298311,46.3834346630876,81.350070183682,-34.9666355205944,214cc7d38df21f25945410d9d28c053b72a6ce8484b914b0672f5e9716120df2,1,1,39,41,2000,42,29b34611ecebe2f5e28613f90b3248d73624825a1971d10b914d5c63fbcf90c1
canonical_gt3,1,EDSS > 3.0,T1,T1,1,1,Age+GenderNum+DurationOfDisease,80,39,41,48.75,0.956222639149468,0.884928080050031,0.071294559099437,-0.00594121325828645,0.160100062539087,47.8343319346459,79.8684222124682,-32.0340902778222,214cc7d38df21f25945410d9d28c053b72a6ce8484b914b0672f5e9716120df2,1,1,39,41,2000,42,29b34611ecebe2f5e28613f90b3248d73624825a1971d10b914d5c63fbcf90c1
canonical_gt3,1,EDSS > 3.0,MTR,MTR,2,0,none,80,39,41,48.75,0.90556597873671,0.731081926203877,0.174484052532833,0.0628517823639775,0.292995622263915,63.9932905732981,100.953920764049,-36.960630190751,214cc7d38df21f25945410d9d28c053b72a6ce8484b914b0672f5e9716120df2,1,1,39,41,2000,42,29b34611ecebe2f5e28613f90b3248d73624825a1971d10b914d5c63fbcf90c1
canonical_gt3,1,EDSS > 3.0,MTR,MTR,2,1,Age+GenderNum+DurationOfDisease,80,39,41,48.75,0.918073796122577,0.870544090056285,0.0475297060662914,-0.0153220762976861,0.116948092557849,66.3092580881504,81.9324628019554,-15.623204713805,214cc7d38df21f25945410d9d28c053b72a6ce8484b914b0672f5e9716120df2,1,1,39,41,2000,42,29b34611ecebe2f5e28613f90b3248d73624825a1971d10b914d5c63fbcf90c1
canonical_gt3,1,EDSS > 3.0,FA,FA,3,0,none,79,39,40,49.3670886075949,0.896794871794872,0.578846153846154,0.317948717948718,0.161538461538462,0.471474358974359,67.2153080168377,111.914106151832,-44.6987981349944,9665764bf335e4c6b962a53e9accb3a39eea46eb8a9c9004f8d45d798c442b70,1,1,39,40,2000,42,25bd4f09525df2d10ad809b0d139f1b83ba897def66ff3036aa6420156e40615
canonical_gt3,1,EDSS > 3.0,FA,FA,3,1,Age+GenderNum+DurationOfDisease,79,39,40,49.3670886075949,0.933974358974359,0.786538461538462,0.147435897435897,0.0551282051282052,0.249358974358974,60.8061601574565,95.9324939303615,-35.1263337729049,9665764bf335e4c6b962a53e9accb3a39eea46eb8a9c9004f8d45d798c442b70,1,1,39,40,2000,42,25bd4f09525df2d10ad809b0d139f1b83ba897def66ff3036aa6420156e40615
canonical_gt3,1,EDSS > 3.0,MD,MD,4,0,none,79,39,40,49.3670886075949,0.900641025641026,0.86025641025641,0.0403846153846154,-0.0499999999999999,0.125961538461538,66.3998210741304,81.1577240155581,-14.7579029414278,9665764bf335e4c6b962a53e9accb3a39eea46eb8a9c9004f8d45d798c442b70,1,1,39,40,2000,42,25bd4f09525df2d10ad809b0d139f1b83ba897def66ff3036aa6420156e40615
canonical_gt3,1,EDSS > 3.0,MD,MD,4,1,Age+GenderNum+DurationOfDisease,79,39,40,49.3670886075949,0.921794871794872,0.896794871794872,0.0249999999999999,-0.0346153846153847,0.0833333333333333,67.1085693317886,76.1885333800861,-9.07996404829751,9665764bf335e4c6b962a53e9accb3a39eea46eb8a9c9004f8d45d798c442b70,1,1,39,40,2000,42,25bd4f09525df2d10ad809b0d139f1b83ba897def66ff3036aa6420156e40615
canonical_gt3,1,EDSS > 3.0,NDI,NDI,5,0,none,79,39,40,49.3670886075949,0.958974358974359,0.865384615384615,0.0935897435897436,0.016025641025641,0.174358974358974,44.026564096192,79.4173581330991,-35.3907940369072,9665764bf335e4c6b962a53e9accb3a39eea46eb8a9c9004f8d45d798c442b70,1,1,39,40,2000,42,25bd4f09525df2d10ad809b0d139f1b83ba897def66ff3036aa6420156e40615
canonical_gt3,1,EDSS > 3.0,NDI,NDI,5,1,Age+GenderNum+DurationOfDisease,79,39,40,49.3670886075949,0.969871794871795,0.899358974358974,0.0705128205128205,0.0217948717948718,0.131410256410256,47.2187661088121,72.2780616267254,-25.0592955179133,9665764bf335e4c6b962a53e9accb3a39eea46eb8a9c9004f8d45d798c442b70,1,1,39,40,2000,42,25bd4f09525df2d10ad809b0d139f1b83ba897def66ff3036aa6420156e40615
canonical_gt3,1,EDSS > 3.0,ODI,ODI,6,0,none,79,39,40,49.3670886075949,0.911538461538462,0.637820512820513,0.273717948717949,0.141987179487179,0.405448717948718,67.2950578397383,108.054070522008,-40.7590126822699,9665764bf335e4c6b962a53e9accb3a39eea46eb8a9c9004f8d45d798c442b70,1,1,39,40,2000,42,25bd4f09525df2d10ad809b0d139f1b83ba897def66ff3036aa6420156e40615
canonical_gt3,1,EDSS > 3.0,ODI,ODI,6,1,Age+GenderNum+DurationOfDisease,79,39,40,49.3670886075949,0.927564102564103,0.803846153846154,0.123717948717949,0.0358974358974359,0.220833333333333,65.265127250596,92.4228313733451,-27.1577041227491,9665764bf335e4c6b962a53e9accb3a39eea46eb8a9c9004f8d45d798c442b70,1,1,39,40,2000,42,25bd4f09525df2d10ad809b0d139f1b83ba897def66ff3036aa6420156e40615
canonical_gt3,1,EDSS > 3.0,FWF,ISOVF,7,0,none,79,39,40,49.3670886075949,0.859615384615385,0.721153846153846,0.138461538461539,0.0272435897435897,0.259294871794872,75.1373151065485,101.376094612193,-26.238779505645,9665764bf335e4c6b962a53e9accb3a39eea46eb8a9c9004f8d45d798c442b70,1,1,39,40,2000,42,25bd4f09525df2d10ad809b0d139f1b83ba897def66ff3036aa6420156e40615
canonical_gt3,1,EDSS > 3.0,FWF,ISOVF,7,1,Age+GenderNum+DurationOfDisease,79,39,40,49.3670886075949,0.891025641025641,0.799358974358974,0.0916666666666667,0.0253205128205127,0.175,76.0343189835599,95.8532493309749,-19.818930347415,9665764bf335e4c6b962a53e9accb3a39eea46eb8a9c9004f8d45d798c442b70,1,1,39,40,2000,42,25bd4f09525df2d10ad809b0d139f1b83ba897def66ff3036aa6420156e40615
sensitivity_ge4,2,EDSS >= 4.0,T1,T1,1,0,none,80,31,49,38.75,0.946675444371297,0.789993416721527,0.15668202764977,0.0638578011849902,0.264647794601712,50.1010349957024,88.5905386712742,-38.4895036755718,b73ba1b100ee2bfc32edca0ee61ac1e206dfa4bea7c453bf204770950ac08933,1,1,31,49,2000,42,29b34611ecebe2f5e28613f90b3248d73624825a1971d10b914d5c63fbcf90c1
sensitivity_ge4,2,EDSS >= 4.0,T1,T1,1,1,Age+GenderNum+DurationOfDisease,80,31,49,38.75,0.967083607636603,0.850559578670178,0.116524028966425,0.0421329822251482,0.207044107965767,46.7984538502658,82.8410661840631,-36.0426123337973,b73ba1b100ee2bfc32edca0ee61ac1e206dfa4bea7c453bf204770950ac08933,1,1,31,49,2000,42,29b34611ecebe2f5e28613f90b3248d73624825a1971d10b914d5c63fbcf90c1
sensitivity_ge4,2,EDSS >= 4.0,MTR,MTR,2,0,none,80,31,49,38.75,0.866359447004608,0.695194206714944,0.171165240289664,0.054641211323239,0.292955892034233,74.3465222933442,101.522165089646,-27.1756427963018,b73ba1b100ee2bfc32edca0ee61ac1e206dfa4bea7c453bf204770950ac08933,1,1,31,49,2000,42,29b34611ecebe2f5e28613f90b3248d73624825a1971d10b914d5c63fbcf90c1
sensitivity_ge4,2,EDSS >= 4.0,MTR,MTR,2,1,Age+GenderNum+DurationOfDisease,80,31,49,38.75,0.899934167215273,0.838709677419355,0.0612244897959183,-0.00493745885450952,0.133640552995392,71.9463580467304,86.8505919534451,-14.9042339067147,b73ba1b100ee2bfc32edca0ee61ac1e206dfa4bea7c453bf204770950ac08933,1,1,31,49,2000,42,29b34611ecebe2f5e28613f90b3248d73624825a1971d10b914d5c63fbcf90c1
sensitivity_ge4,2,EDSS >= 4.0,FA,FA,3,0,none,79,31,48,39.2405063291139,0.856854838709677,0.591397849462366,0.265456989247312,0.114247311827957,0.415994623655914,77.8652006652594,108.137413298915,-30.2722126336555,02e51e7fce873958b6738f087239d5715154f4d8d34b86e5db1346269647fd27,1,1,31,48,2000,42,25bd4f09525df2d10ad809b0d139f1b83ba897def66ff3036aa6420156e40615
sensitivity_ge4,2,EDSS >= 4.0,FA,FA,3,1,Age+GenderNum+DurationOfDisease,79,31,48,39.2405063291139,0.906586021505376,0.797715053763441,0.108870967741935,0.0147849462365591,0.209005376344086,71.4103455682697,93.5640310051489,-22.1536854368793,02e51e7fce873958b6738f087239d5715154f4d8d34b86e5db1346269647fd27,1,1,31,48,2000,42,25bd4f09525df2d10ad809b0d139f1b83ba897def66ff3036aa6420156e40615
sensitivity_ge4,2,EDSS >= 4.0,MD,MD,4,0,none,79,31,48,39.2405063291139,0.832661290322581,0.807795698924731,0.0248655913978495,-0.0628360215053764,0.11122311827957,82.5292833248503,88.3659024022481,-5.83661907739786,02e51e7fce873958b6738f087239d5715154f4d8d34b86e5db1346269647fd27,1,1,31,48,2000,42,25bd4f09525df2d10ad809b0d139f1b83ba897def66ff3036aa6420156e40615
sensitivity_ge4,2,EDSS >= 4.0,MD,MD,4,1,Age+GenderNum+DurationOfDisease,79,31,48,39.2405063291139,0.881048387096774,0.861559139784946,0.019489247311828,-0.0352822580645161,0.0759408602150538,78.2440926877612,82.9130814930904,-4.66898880532922,02e51e7fce873958b6738f087239d5715154f4d8d34b86e5db1346269647fd27,1,1,31,48,2000,42,25bd4f09525df2d10ad809b0d139f1b83ba897def66ff3036aa6420156e40615
sensitivity_ge4,2,EDSS >= 4.0,NDI,NDI,5,0,none,79,31,48,39.2405063291139,0.891129032258065,0.843413978494624,0.0477150537634409,-0.0238575268817204,0.12130376344086,68.3131880972233,82.8754712533333,-14.5622831561099,02e51e7fce873958b6738f087239d5715154f4d8d34b86e5db1346269647fd27,1,1,31,48,2000,42,25bd4f09525df2d10ad809b0d139f1b83ba897def66ff3036aa6420156e40615
sensitivity_ge4,2,EDSS >= 4.0,NDI,NDI,5,1,Age+GenderNum+DurationOfDisease,79,31,48,39.2405063291139,0.920698924731183,0.887768817204301,0.0329301075268816,-0.0168010752688172,0.0860215053763441,65.734737806502,74.2155633690235,-8.48082556252153,02e51e7fce873958b6738f087239d5715154f4d8d34b86e5db1346269647fd27,1,1,31,48,2000,42,25bd4f09525df2d10ad809b0d139f1b83ba897def66ff3036aa6420156e40615
sensitivity_ge4,2,EDSS >= 4.0,ODI,ODI,6,0,none,79,31,48,39.2405063291139,0.874327956989247,0.629032258064516,0.245295698924731,0.109206989247312,0.383736559139785,74.8785342798528,105.560125611308,-30.6815913314553,02e51e7fce873958b6738f087239d5715154f4d8d34b86e5db1346269647fd27,1,1,31,48,2000,42,25bd4f09525df2d10ad809b0d139f1b83ba897def66ff3036aa6420156e40615
sensitivity_ge4,2,EDSS >= 4.0,ODI,ODI,6,1,Age+GenderNum+DurationOfDisease,79,31,48,39.2405063291139,0.90255376344086,0.811155913978495,0.0913978494623656,-0.00739247311827962,0.193884408602151,70.9252539962827,91.563247354801,-20.6379933585183,02e51e7fce873958b6738f087239d5715154f4d8d34b86e5db1346269647fd27,1,1,31,48,2000,42,25bd4f09525df2d10ad809b0d139f1b83ba897def66ff3036aa6420156e40615
sensitivity_ge4,2,EDSS >= 4.0,FWF,ISOVF,7,0,none,79,31,48,39.2405063291139,0.830645161290323,0.696236559139785,0.134408602150538,0.0383064516129032,0.240927419354839,78.3746865049206,98.5614321874461,-20.1867456825255,02e51e7fce873958b6738f087239d5715154f4d8d34b86e5db1346269647fd27,1,1,31,48,2000,42,25bd4f09525df2d10ad809b0d139f1b83ba897def66ff3036aa6420156e40615
sensitivity_ge4,2,EDSS >= 4.0,FWF,ISOVF,7,1,Age+GenderNum+DurationOfDisease,79,31,48,39.2405063291139,0.866935483870968,0.807795698924731,0.0591397849462366,-0.00235215053763443,0.129704301075269,79.0347710095915,93.5648707482508,-14.5300997386593,02e51e7fce873958b6738f087239d5715154f4d8d34b86e5db1346269647fd27,1,1,31,48,2000,42,25bd4f09525df2d10ad809b0d139f1b83ba897def66ff3036aa6420156e40615
