Outcome,SourceField,Metric,Model,Adjusted,Demographics,CasePolicy,N,PositiveN,PerformanceName,Performance,CI_lower,CI_upper,Lambda,p_raw,p_adj,MultiplicityFamilyN,InferenceRole,AIC
EDSS,EDSS,T1,Tract-based,0,none,joint tract+classical complete cases,80,39,apparent AUC,0.961516180631781,0.910798337306681,1,0.00471486636345739,2.77513511692668e-05,NaN,0,no-demo performance; outside primary p family,46.3834346630876
EDSS,EDSS,T1,Classical-region,0,none,joint tract+classical complete cases,80,39,apparent AUC,0.850263252331214,0.756181612568005,0.931054061653166,1e-06,1.31047824886285e-05,NaN,0,no-demo performance; outside primary p family,81.350070183682
EDSS,EDSS,T1,Tract-based,1,Age+GenderNum+DurationOfDisease,joint tract+classical complete cases,80,39,apparent AUC,0.956405425616208,0.904040404040404,0.998749218261413,0.00471486636345739,0.000185556657183721,0.0181845524040047,98,primary +Demo qMRI family,47.8343319346459
EDSS,EDSS,T1,Classical-region,1,Age+GenderNum+DurationOfDisease,joint tract+classical complete cases,80,39,apparent AUC,0.884683059267956,0.802822434983524,0.956945317410434,1e-06,0.00030541434569327,0.0299306058779404,98,primary +Demo qMRI family,79.8684222124682
EDSS,EDSS,MTR,Tract-based,0,none,joint tract+classical complete cases,80,39,apparent AUC,0.905912918037955,0.834635709818637,0.963113469355847,0.0449843266896945,1.74510592749925e-06,NaN,0,no-demo performance; outside primary p family,63.9932905732981
EDSS,EDSS,MTR,Classical-region,0,none,joint tract+classical complete cases,80,39,apparent AUC,0.731868209132624,0.613220175491618,0.840525328330206,1.32571136559011,0.00108105614892308,NaN,0,no-demo performance; outside primary p family,100.953920764049
EDSS,EDSS,MTR,Tract-based,1,Age+GenderNum+DurationOfDisease,joint tract+classical complete cases,80,39,apparent AUC,0.918531821507023,0.85250543252819,0.971354166666667,0.0449843266896945,2.95784127875618e-05,0.00289868445318105,98,primary +Demo qMRI family,66.3092580881504
EDSS,EDSS,MTR,Classical-region,1,Age+GenderNum+DurationOfDisease,joint tract+classical complete cases,80,39,apparent AUC,0.871089955347286,0.787134502923977,0.941041691852031,1.32571136559011,0.000516764488918594,0.0506429199140222,98,primary +Demo qMRI family,81.9324628019554
EDSS,EDSS,FA,Tract-based,0,none,joint tract+classical complete cases,79,39,apparent AUC,0.897390035912638,0.822539346957952,0.959032634032634,0.0449843266896945,5.0284578255999e-06,NaN,0,no-demo performance; outside primary p family,67.2153080168377
EDSS,EDSS,FA,Classical-region,0,none,joint tract+classical complete cases,79,39,apparent AUC,0.577593454058939,0.439830550586365,0.706808731808732,12.648552168553,0.217871856166643,NaN,0,no-demo performance; outside primary p family,111.914106151832
EDSS,EDSS,FA,Tract-based,1,Age+GenderNum+DurationOfDisease,joint tract+classical complete cases,79,39,apparent AUC,0.934508443467759,0.876059959729315,0.978149064156766,0.0449843266896945,4.70783104524891e-05,0.00461367442434393,98,primary +Demo qMRI family,60.8061601574565
EDSS,EDSS,FA,Classical-region,1,Age+GenderNum+DurationOfDisease,joint tract+classical complete cases,79,39,apparent AUC,0.786182746623747,0.679075738125802,0.88123428858723,12.648552168553,0.180540038274665,1,98,primary +Demo qMRI family,95.9324939303615
EDSS,EDSS,MD,Tract-based,0,none,joint tract+classical complete cases,79,39,apparent AUC,0.901647760204029,0.826470588235294,0.962635552852944,0.00471486636345739,2.88226076313367e-06,NaN,0,no-demo performance; outside primary p family,66.3998210741304
EDSS,EDSS,MD,Classical-region,0,none,joint tract+classical complete cases,79,39,apparent AUC,0.86067690235909,0.770756050167815,0.936319296645384,1e-06,8.38717758563922e-05,NaN,0,no-demo performance; outside primary p family,81.1577240155581
EDSS,EDSS,MD,Tract-based,1,Age+GenderNum+DurationOfDisease,joint tract+classical complete cases,79,39,apparent AUC,0.922562325050625,0.859113113330439,0.973096695858844,0.00471486636345739,9.13795796914098e-05,0.00895519880975816,98,primary +Demo qMRI family,67.1085693317886
EDSS,EDSS,MD,Classical-region,1,Age+GenderNum+DurationOfDisease,joint tract+classical complete cases,79,39,apparent AUC,0.89724973231387,0.821727874053455,0.959432934292623,1e-06,0.000752106794458203,0.0737064658569039,98,primary +Demo qMRI family,76.1885333800861
EDSS,EDSS,NDI,Tract-based,0,none,joint tract+classical complete cases,79,39,apparent AUC,0.959255137889923,0.915294343543869,0.988989563408168,0.000868511373751353,1.28925798063121e-05,NaN,0,no-demo performance; outside primary p family,44.026564096192
EDSS,EDSS,NDI,Classical-region,0,none,joint tract+classical complete cases,79,39,apparent AUC,0.865274402828618,0.771726348196936,0.940476545418406,0.0145634847750124,2.07563896462451e-05,NaN,0,no-demo performance; outside primary p family,79.4173581330991
EDSS,EDSS,NDI,Tract-based,1,Age+GenderNum+DurationOfDisease,joint tract+classical complete cases,79,39,apparent AUC,0.970330903280072,0.935599078341014,0.992921492921493,0.000868511373751353,9.27733454944947e-05,0.00909178785846048,98,primary +Demo qMRI family,47.2187661088121
EDSS,EDSS,NDI,Classical-region,1,Age+GenderNum+DurationOfDisease,joint tract+classical complete cases,79,39,apparent AUC,0.899389067715601,0.829284683975872,0.959459459459459,0.0145634847750124,0.000113536200849748,0.0111265476832753,98,primary +Demo qMRI family,72.2780616267254
EDSS,EDSS,ODI,Tract-based,0,none,joint tract+classical complete cases,79,39,apparent AUC,0.911782880695164,0.835595776772247,0.971291208791209,0.00268269579527973,1.1507999986084e-05,NaN,0,no-demo performance; outside primary p family,67.2950578397383
EDSS,EDSS,ODI,Classical-region,0,none,joint tract+classical complete cases,79,39,apparent AUC,0.636786301962363,0.509365859365859,0.757875429486683,1.32571136559011,0.0274801997868031,NaN,0,no-demo performance; outside primary p family,108.054070522008
EDSS,EDSS,ODI,Tract-based,1,Age+GenderNum+DurationOfDisease,joint tract+classical complete cases,79,39,apparent AUC,0.927789606889862,0.859649589540894,0.97987012987013,0.00268269579527973,9.54633493859882e-05,0.00935540823982684,98,primary +Demo qMRI family,65.265127250596
EDSS,EDSS,ODI,Classical-region,1,Age+GenderNum+DurationOfDisease,joint tract+classical complete cases,79,39,apparent AUC,0.803839350397459,0.700258397932817,0.894465894465895,1.32571136559011,0.0294201769292427,1,98,primary +Demo qMRI family,92.4228313733451
EDSS,EDSS,FWF,Tract-based,0,none,joint tract+classical complete cases,79,39,apparent AUC,0.860229840868061,0.773827059465357,0.934168646668647,0.079060432109077,1.13328404904579e-05,NaN,0,no-demo performance; outside primary p family,75.1373151065485
EDSS,EDSS,FWF,Classical-region,0,none,joint tract+classical complete cases,79,39,apparent AUC,0.721029253437655,0.60570318217377,0.830077677903765,0.138949549437314,0.00177713207438236,NaN,0,no-demo performance; outside primary p family,101.376094612193
EDSS,EDSS,FWF,Tract-based,1,Age+GenderNum+DurationOfDisease,joint tract+classical complete cases,79,39,apparent AUC,0.891331835605145,0.816332544220863,0.953367562669888,0.079060432109077,0.000669591464675579,0.0656199635382068,98,primary +Demo qMRI family,76.0343189835599
EDSS,EDSS,FWF,Classical-region,1,Age+GenderNum+DurationOfDisease,joint tract+classical complete cases,79,39,apparent AUC,0.799873412691654,0.692156862745098,0.888995726495726,0.138949549437314,0.163121669410255,1,98,primary +Demo qMRI family,95.8532493309749
MSPro,MSPro,T1,Tract-based,0,none,joint tract+classical complete cases,79,39,apparent AUC,0.893253384606164,0.80709706959707,0.963461538461539,0.000494171336132383,1.49473722578548e-05,NaN,0,no-demo performance; outside primary p family,67.0855415527518
MSPro,MSPro,T1,Classical-region,0,none,joint tract+classical complete cases,79,39,apparent AUC,0.832109166394797,0.738534450766947,0.919250645994832,1e-06,4.36292612007367e-05,NaN,0,no-demo performance; outside primary p family,85.7016193303106
MSPro,MSPro,T1,Tract-based,1,Age+GenderNum+DurationOfDisease,joint tract+classical complete cases,79,39,apparent AUC,0.989054798176992,0.970341604062534,1,0.000494171336132383,0.00100530883217859,0.0985202655535015,98,primary +Demo qMRI family,31.6163127617042
MSPro,MSPro,T1,Classical-region,1,Age+GenderNum+DurationOfDisease,joint tract+classical complete cases,79,39,apparent AUC,0.934267714648847,0.87661918185174,0.983333333333333,1e-06,0.0338660455640818,1,98,primary +Demo qMRI family,65.1780345257254
MSPro,MSPro,MTR,Tract-based,0,none,joint tract+classical complete cases,79,39,apparent AUC,0.88784974003739,0.810166964818128,0.952817465226236,0.0255954792269954,1.03845969916179e-05,NaN,0,no-demo performance; outside primary p family,68.7989024159742
MSPro,MSPro,MTR,Classical-region,0,none,joint tract+classical complete cases,79,39,apparent AUC,0.660122326766095,0.537684959967569,0.772494023456796,0.244205309454865,0.00657145612043711,NaN,0,no-demo performance; outside primary p family,104.887910212012
MSPro,MSPro,MTR,Tract-based,1,Age+GenderNum+DurationOfDisease,joint tract+classical complete cases,79,39,apparent AUC,0.979091607194557,0.949612403100775,0.999357325416375,0.0255954792269954,0.00148959901346028,0.145980703319108,98,primary +Demo qMRI family,38.1961414857844
MSPro,MSPro,MTR,Classical-region,1,Age+GenderNum+DurationOfDisease,joint tract+classical complete cases,79,39,apparent AUC,0.928571115637199,0.866123419064596,0.978204221354781,0.244205309454865,0.0233483444220332,1,98,primary +Demo qMRI family,64.4607778752201
MSPro,MSPro,FA,Tract-based,0,none,joint tract+classical complete cases,78,39,apparent AUC,0.860827311643459,0.772224697959992,0.931151705002083,0.0449843266896945,1.17671523326626e-05,NaN,0,no-demo performance; outside primary p family,76.1327050924139
MSPro,MSPro,FA,Classical-region,0,none,joint tract+classical complete cases,78,39,apparent AUC,0.568055628005122,0.438348559120618,0.69734219269103,104811.313415469,0.289616298237283,NaN,0,no-demo performance; outside primary p family,110.977366266909
MSPro,MSPro,FA,Tract-based,1,Age+GenderNum+DurationOfDisease,joint tract+classical complete cases,78,39,apparent AUC,0.965658677172989,0.925730981843455,0.993421052631579,0.0449843266896945,0.000906600684731653,0.088846867103702,98,primary +Demo qMRI family,45.710405640665
MSPro,MSPro,FA,Classical-region,1,Age+GenderNum+DurationOfDisease,joint tract+classical complete cases,78,39,apparent AUC,0.921821511223316,0.852331251369713,0.975633825417202,104811.313415469,0.0652929973787848,1,98,primary +Demo qMRI family,65.946845000382
MSPro,MSPro,MD,Tract-based,0,none,joint tract+classical complete cases,78,39,apparent AUC,0.886071192567585,0.802719532789192,0.952174010313545,0.0255954792269954,3.65775421054292e-06,NaN,0,no-demo performance; outside primary p family,68.1056863591265
MSPro,MSPro,MD,Classical-region,0,none,joint tract+classical complete cases,78,39,apparent AUC,0.709437876554566,0.591944514200612,0.815755811208797,33932.2177189533,0.00135073382284483,NaN,0,no-demo performance; outside primary p family,98.4583760631457
MSPro,MSPro,MD,Tract-based,1,Age+GenderNum+DurationOfDisease,joint tract+classical complete cases,78,39,apparent AUC,0.9645548436071,0.916813277034952,0.996356490417576,0.0255954792269954,0.000827120453294156,0.0810578044228273,98,primary +Demo qMRI family,47.0639100235478
MSPro,MSPro,MD,Classical-region,1,Age+GenderNum+DurationOfDisease,joint tract+classical complete cases,78,39,apparent AUC,0.926487816350718,0.859445614990755,0.977609461194185,33932.2177189533,0.0405209892603142,1,98,primary +Demo qMRI family,64.6155547786438
MSPro,MSPro,NDI,Tract-based,0,none,joint tract+classical complete cases,78,39,apparent AUC,0.739525198356997,0.624135124135124,0.847847522847523,0.754312006335462,0.00117568579070967,NaN,0,no-demo performance; outside primary p family,98.4576172107654
MSPro,MSPro,NDI,Classical-region,0,none,joint tract+classical complete cases,78,39,apparent AUC,0.710088742328743,0.592452782226289,0.820828597656933,2.32995181051537,0.00646089095124964,NaN,0,no-demo performance; outside primary p family,102.385902448128
MSPro,MSPro,NDI,Tract-based,1,Age+GenderNum+DurationOfDisease,joint tract+classical complete cases,78,39,apparent AUC,0.929790700260371,0.867247442455243,0.975918654988422,0.754312006335462,0.00894042727232891,0.876161872688233,98,primary +Demo qMRI family,61.9225831120012
MSPro,MSPro,NDI,Classical-region,1,Age+GenderNum+DurationOfDisease,joint tract+classical complete cases,78,39,apparent AUC,0.926322913975036,0.860447981671009,0.976641414141414,2.32995181051537,0.0554230608527088,1,98,primary +Demo qMRI family,65.5047343805496
MSPro,MSPro,ODI,Tract-based,0,none,joint tract+classical complete cases,78,39,apparent AUC,0.915868405724698,0.849274227234754,0.966985713936933,0.000868511373751353,2.87253965058318e-05,NaN,0,no-demo performance; outside primary p family,58.4640782257471
MSPro,MSPro,ODI,Classical-region,0,none,joint tract+classical complete cases,78,39,apparent AUC,0.623989486644158,0.499503199212502,0.737867658599366,6250.55192527397,0.0947365402509947,NaN,0,no-demo performance; outside primary p family,109.16121024702
MSPro,MSPro,ODI,Tract-based,1,Age+GenderNum+DurationOfDisease,joint tract+classical complete cases,78,39,apparent AUC,0.971805617658335,0.939373963764208,0.995159228421504,0.000868511373751353,0.00161095922206477,0.157874003762348,98,primary +Demo qMRI family,43.1663038768422
MSPro,MSPro,ODI,Classical-region,1,Age+GenderNum+DurationOfDisease,joint tract+classical complete cases,78,39,apparent AUC,0.916216723763835,0.840571367276888,0.97518292135422,6250.55192527397,0.127957308505544,1,98,primary +Demo qMRI family,67.1237165959533
MSPro,MSPro,FWF,Tract-based,0,none,joint tract+classical complete cases,78,39,apparent AUC,0.87921989565725,0.792887841307289,0.948143115942029,0.0255954792269954,7.0012828926999e-06,NaN,0,no-demo performance; outside primary p family,68.2829804835759
MSPro,MSPro,FWF,Classical-region,0,none,joint tract+classical complete cases,78,39,apparent AUC,0.771151407521362,0.655263157894737,0.867130020976175,10985.4114198756,0.000165667842646152,NaN,0,no-demo performance; outside primary p family,91.4090982551009
MSPro,MSPro,FWF,Tract-based,1,Age+GenderNum+DurationOfDisease,joint tract+classical complete cases,78,39,apparent AUC,0.972911779911676,0.93469611528822,0.997354497354497,0.0255954792269954,0.00171525740265306,0.16809522546,98,primary +Demo qMRI family,44.3135309192036
MSPro,MSPro,FWF,Classical-region,1,Age+GenderNum+DurationOfDisease,joint tract+classical complete cases,78,39,apparent AUC,0.925247142829303,0.861202522383202,0.976323575210215,10985.4114198756,0.0601658647073474,1,98,primary +Demo qMRI family,65.779353707441
T25FW,T25FW,T1,Tract-based,0,none,independent tract available cases,127,NaN,apparent R2,0.290118456494137,NaN,NaN,2.00923300256505,6.4929565821378e-11,NaN,0,no-demo performance; outside primary p family,73.1249286159816
T25FW,T25FW,T1,Classical-region,0,none,independent classical available cases,76,NaN,apparent R2,0.191849345898278,NaN,NaN,0.497702356433211,7.5880831493506e-05,NaN,0,no-demo performance; outside primary p family,72.7280845856422
T25FW,T25FW,T1,Tract-based,1,Age+GenderNum,independent tract available cases,127,NaN,apparent R2,0.384468479361055,NaN,NaN,2.00923300256505,4.49860495506837e-09,4.40863285596701e-07,98,primary +Demo qMRI family,59.0132096662609
T25FW,T25FW,T1,Classical-region,1,Age+GenderNum,independent classical available cases,76,NaN,apparent R2,0.256547062570202,NaN,NaN,0.497702356433211,0.00236630342303143,0.23189773545708,98,primary +Demo qMRI family,70.3864143799332
T25FW,T25FW,MTR,Tract-based,0,none,independent tract available cases,125,NaN,apparent R2,0.308467089955595,NaN,NaN,1.51991108295293,1.788621156364e-11,NaN,0,no-demo performance; outside primary p family,69.8573628529874
T25FW,T25FW,MTR,Classical-region,0,none,independent classical available cases,76,NaN,apparent R2,0.0564698968125289,NaN,NaN,1.51991108295293,0.0387321994164826,NaN,0,no-demo performance; outside primary p family,84.498947556446
T25FW,T25FW,MTR,Tract-based,1,Age+GenderNum,independent tract available cases,125,NaN,apparent R2,0.381666928337727,NaN,NaN,1.51991108295293,5.83016920983004e-09,5.71356582563344e-07,98,primary +Demo qMRI family,59.8719279727616
T25FW,T25FW,MTR,Classical-region,1,Age+GenderNum,independent classical available cases,76,NaN,apparent R2,0.189858674760837,NaN,NaN,1.51991108295293,0.0783718537639294,1,98,primary +Demo qMRI family,76.9150608355231
T25FW,T25FW,FA,Tract-based,0,none,independent tract available cases,127,NaN,apparent R2,0.273061897386047,NaN,NaN,1.14975699539774,2.94712738819998e-10,NaN,0,no-demo performance; outside primary p family,76.1403171866396
T25FW,T25FW,FA,Classical-region,0,none,independent classical available cases,75,NaN,apparent R2,0.0123340416686143,NaN,NaN,1000000,0.342833665746648,NaN,0,no-demo performance; outside primary p family,87.5204633102399
T25FW,T25FW,FA,Tract-based,1,Age+GenderNum,independent tract available cases,127,NaN,apparent R2,0.350639299502251,NaN,NaN,1.14975699539774,1.3178221478268e-07,1.29146570487027e-05,98,primary +Demo qMRI family,65.8079872189123
T25FW,T25FW,FA,Classical-region,1,Age+GenderNum,independent classical available cases,75,NaN,apparent R2,0.163364788790969,NaN,NaN,1000000,0.401596137618448,1,98,primary +Demo qMRI family,79.0737336748726
T25FW,T25FW,MD,Tract-based,0,none,independent tract available cases,127,NaN,apparent R2,0.377842357785392,NaN,NaN,1.14975699539774,1.50410025691959e-14,NaN,0,no-demo performance; outside primary p family,56.373042983317
T25FW,T25FW,MD,Classical-region,0,none,independent classical available cases,75,NaN,apparent R2,0.132847905439694,NaN,NaN,0.869749002617783,0.00130509441862485,NaN,0,no-demo performance; outside primary p family,77.7607017544094
T25FW,T25FW,MD,Tract-based,1,Age+GenderNum,independent tract available cases,127,NaN,apparent R2,0.43296013877082,NaN,NaN,1.14975699539774,2.61032826959897e-11,2.55812170420699e-09,98,primary +Demo qMRI family,48.5920274986076
T25FW,T25FW,MD,Classical-region,1,Age+GenderNum,independent classical available cases,75,NaN,apparent R2,0.236086500771679,NaN,NaN,0.869749002617783,0.00764441273267973,0.749152447802613,98,primary +Demo qMRI family,72.2537148197288
T25FW,T25FW,NDI,Tract-based,0,none,independent tract available cases,127,NaN,apparent R2,0.321589379038871,NaN,NaN,0.657933224657568,3.63341189798377e-12,NaN,0,no-demo performance; outside primary p family,67.3660658982234
T25FW,T25FW,NDI,Classical-region,0,none,independent classical available cases,75,NaN,apparent R2,0.0709652044846963,NaN,NaN,0.869749002617783,0.02087723594132,NaN,0,no-demo performance; outside primary p family,82.9305871498127
T25FW,T25FW,NDI,Tract-based,1,Age+GenderNum,independent tract available cases,127,NaN,apparent R2,0.41404314187673,NaN,NaN,0.657933224657568,2.03968017863432e-10,1.99888657506163e-08,98,primary +Demo qMRI family,52.7597309575228
T25FW,T25FW,NDI,Classical-region,1,Age+GenderNum,independent classical available cases,75,NaN,apparent R2,0.204363787520836,NaN,NaN,0.869749002617783,0.0393399544710551,1,98,primary +Demo qMRI family,75.3052773219334
T25FW,T25FW,ODI,Tract-based,0,none,independent tract available cases,127,NaN,apparent R2,0.149966136087369,NaN,NaN,2.00923300256505,6.86708399442537e-06,NaN,0,no-demo performance; outside primary p family,96.0075438367629
T25FW,T25FW,ODI,Classical-region,0,none,independent classical available cases,75,NaN,apparent R2,0.00622025311145946,NaN,NaN,1000000,0.501202567417551,NaN,0,no-demo performance; outside primary p family,87.9832926431194
T25FW,T25FW,ODI,Tract-based,1,Age+GenderNum,independent tract available cases,127,NaN,apparent R2,0.270989172098811,NaN,NaN,2.00923300256505,0.000218507520371867,0.0214137369964429,98,primary +Demo qMRI family,80.5019181793615
T25FW,T25FW,ODI,Classical-region,1,Age+GenderNum,independent classical available cases,75,NaN,apparent R2,0.156546248864404,NaN,NaN,1000000,0.717108264621834,1,98,primary +Demo qMRI family,79.6825029884921
T25FW,T25FW,FWF,Tract-based,0,none,independent tract available cases,127,NaN,apparent R2,0.341149042222009,NaN,NaN,0.657933224657568,5.6750432607048e-13,NaN,0,no-demo performance; outside primary p family,63.6506306632376
T25FW,T25FW,FWF,Classical-region,0,none,independent classical available cases,75,NaN,apparent R2,0.0990301408212688,NaN,NaN,1.14975699539774,0.00596387747165403,NaN,0,no-demo performance; outside primary p family,80.6300080121606
T25FW,T25FW,FWF,Tract-based,1,Age+GenderNum,independent tract available cases,127,NaN,apparent R2,0.390889220767971,NaN,NaN,0.657933224657568,2.32554760608444e-09,2.27903665396275e-07,98,primary +Demo qMRI family,57.6814875289663
T25FW,T25FW,FWF,Classical-region,1,Age+GenderNum,independent classical available cases,75,NaN,apparent R2,0.180329118044434,NaN,NaN,1.14975699539774,0.142772221325154,1,98,primary +Demo qMRI family,77.537339897508
9HPT-D,x9HPTD,T1,Tract-based,0,none,independent tract available cases,130,NaN,apparent R2,0.25923823208327,NaN,NaN,1.14975699539774,6.17997911220178e-10,NaN,0,no-demo performance; outside primary p family,-54.1139018431558
9HPT-D,x9HPTD,T1,Classical-region,0,none,independent classical available cases,79,NaN,apparent R2,0.12404308681107,NaN,NaN,1.14975699539774,0.00145679059327359,NaN,0,no-demo performance; outside primary p family,-5.00079096325024
9HPT-D,x9HPTD,T1,Tract-based,1,Age+GenderNum,independent tract available cases,130,NaN,apparent R2,0.277027633707398,NaN,NaN,1.14975699539774,1.15962933474358e-07,1.13643674804871e-05,98,primary +Demo qMRI family,-53.2739512400231
9HPT-D,x9HPTD,T1,Classical-region,1,Age+GenderNum,independent classical available cases,79,NaN,apparent R2,0.141087187393974,NaN,NaN,1.14975699539774,0.0110037362359908,1,98,primary +Demo qMRI family,-2.5531003374098
9HPT-D,x9HPTD,MTR,Tract-based,0,none,independent tract available cases,128,NaN,apparent R2,0.292233410261757,NaN,NaN,0.497702356433211,4.50023660819938e-11,NaN,0,no-demo performance; outside primary p family,-57.4772939747109
9HPT-D,x9HPTD,MTR,Classical-region,0,none,independent classical available cases,79,NaN,apparent R2,0.108652607172467,NaN,NaN,0.657933224657568,0.00301255590882841,NaN,0,no-demo performance; outside primary p family,-3.62482121750492
9HPT-D,x9HPTD,MTR,Tract-based,1,Age+GenderNum,independent tract available cases,128,NaN,apparent R2,0.296447644687763,NaN,NaN,0.497702356433211,2.47674294885051e-08,2.4272080898735e-06,98,primary +Demo qMRI family,-54.2417187869111
9HPT-D,x9HPTD,MTR,Classical-region,1,Age+GenderNum,independent classical available cases,79,NaN,apparent R2,0.165282655876993,NaN,NaN,0.657933224657568,0.00337312242749522,0.330565997894532,98,primary +Demo qMRI family,-4.81046692555334
9HPT-D,x9HPTD,FA,Tract-based,0,none,independent tract available cases,130,NaN,apparent R2,0.296631133593696,NaN,NaN,0.497702356433211,2.10622677313656e-11,NaN,0,no-demo performance; outside primary p family,-60.8475918365495
9HPT-D,x9HPTD,FA,Classical-region,0,none,independent classical available cases,78,NaN,apparent R2,0.0185034216831576,NaN,NaN,1000000,0.235033121053759,NaN,0,no-demo performance; outside primary p family,2.724977381088
9HPT-D,x9HPTD,FA,Tract-based,1,Age+GenderNum,independent tract available cases,130,NaN,apparent R2,0.32351481494183,NaN,NaN,0.497702356433211,1.58281253057815e-09,1.55115627996659e-07,98,primary +Demo qMRI family,-61.913810072627
9HPT-D,x9HPTD,FA,Classical-region,1,Age+GenderNum,independent classical available cases,78,NaN,apparent R2,0.0810374860430281,NaN,NaN,1000000,0.21636828064945,1,98,primary +Demo qMRI family,1.58998808956341
9HPT-D,x9HPTD,MD,Tract-based,0,none,independent tract available cases,130,NaN,apparent R2,0.247311924698357,NaN,NaN,1.51991108295293,1.75625225712878e-09,NaN,0,no-demo performance; outside primary p family,-52.0375643937456
9HPT-D,x9HPTD,MD,Classical-region,0,none,independent classical available cases,78,NaN,apparent R2,0.151407472959039,NaN,NaN,0.28480358684358,0.000430094662187539,NaN,0,no-demo performance; outside primary p family,-8.62397589881751
9HPT-D,x9HPTD,MD,Tract-based,1,Age+GenderNum,independent tract available cases,130,NaN,apparent R2,0.268718344498432,NaN,NaN,1.51991108295293,2.43481260565119e-07,2.38611635353817e-05,98,primary +Demo qMRI family,-51.7883519753933
9HPT-D,x9HPTD,MD,Classical-region,1,Age+GenderNum,independent classical available cases,78,NaN,apparent R2,0.187214214043577,NaN,NaN,0.28480358684358,0.00115967660832052,0.113648307615411,98,primary +Demo qMRI family,-7.98667583066032
9HPT-D,x9HPTD,NDI,Tract-based,0,none,independent tract available cases,130,NaN,apparent R2,0.360387306421148,NaN,NaN,0.28480358684358,4.38583790252218e-14,NaN,0,no-demo performance; outside primary p family,-73.2000138144251
9HPT-D,x9HPTD,NDI,Classical-region,0,none,independent classical available cases,78,NaN,apparent R2,0.124041281281846,NaN,NaN,0.162975083462064,0.00156549447813251,NaN,0,no-demo performance; outside primary p family,-6.14826849063441
9HPT-D,x9HPTD,NDI,Tract-based,1,Age+GenderNum,independent tract available cases,130,NaN,apparent R2,0.36891070870769,NaN,NaN,0.28480358684358,1.82582619819121e-11,1.78930967422739e-09,98,primary +Demo qMRI family,-70.9440244930828
9HPT-D,x9HPTD,NDI,Classical-region,1,Age+GenderNum,independent classical available cases,78,NaN,apparent R2,0.166002011997435,NaN,NaN,0.162975083462064,0.00325347040271815,0.318840099466379,98,primary +Demo qMRI family,-5.97713055515264
9HPT-D,x9HPTD,ODI,Tract-based,0,none,independent tract available cases,130,NaN,apparent R2,0.258683584672138,NaN,NaN,0.376493580679247,6.48979142610552e-10,NaN,0,no-demo performance; outside primary p family,-54.0166004084158
9HPT-D,x9HPTD,ODI,Classical-region,0,none,independent classical available cases,78,NaN,apparent R2,0.0972650009130939,NaN,NaN,0.28480358684358,0.00544240780126632,NaN,0,no-demo performance; outside primary p family,-3.79968240373641
9HPT-D,x9HPTD,ODI,Tract-based,1,Age+GenderNum,independent tract available cases,130,NaN,apparent R2,0.290833174081447,NaN,NaN,0.376493580679247,3.32598320289661e-08,3.25946353883868e-06,98,primary +Demo qMRI family,-55.780377784918
9HPT-D,x9HPTD,ODI,Classical-region,1,Age+GenderNum,independent classical available cases,78,NaN,apparent R2,0.161475196589452,NaN,NaN,0.28480358684358,0.00404913871621483,0.396815594189053,98,primary +Demo qMRI family,-5.55490316807186
9HPT-D,x9HPTD,FWF,Tract-based,0,none,independent tract available cases,130,NaN,apparent R2,0.295692535056482,NaN,NaN,0.215443469003188,2.2973440734762e-11,NaN,0,no-demo performance; outside primary p family,-60.6742312064064
9HPT-D,x9HPTD,FWF,Classical-region,0,none,independent classical available cases,78,NaN,apparent R2,0.0739184394334349,NaN,NaN,2.00923300256505,0.0160422062448454,NaN,0,no-demo performance; outside primary p family,-1.80808765410185
9HPT-D,x9HPTD,FWF,Tract-based,1,Age+GenderNum,independent tract available cases,130,NaN,apparent R2,0.312018366281765,NaN,NaN,0.215443469003188,4.68920855995913e-09,4.59542438875995e-07,98,primary +Demo qMRI family,-59.7231027972947
9HPT-D,x9HPTD,FWF,Classical-region,1,Age+GenderNum,independent classical available cases,78,NaN,apparent R2,0.0937085096585233,NaN,NaN,2.00923300256505,0.110374460986369,1,98,primary +Demo qMRI family,0.507009263714181
9HPT-ND,x9HPTND,T1,Tract-based,0,none,independent tract available cases,130,NaN,apparent R2,0.396562435863482,NaN,NaN,0.657933224657568,1.00891814428406e-15,NaN,0,no-demo performance; outside primary p family,-31.2747601964367
9HPT-ND,x9HPTND,T1,Classical-region,0,none,independent classical available cases,79,NaN,apparent R2,0.19533180670929,NaN,NaN,0.657933224657568,4.54817814189635e-05,NaN,0,no-demo performance; outside primary p family,17.8995780783114
9HPT-ND,x9HPTND,T1,Tract-based,1,Age+GenderNum,independent tract available cases,130,NaN,apparent R2,0.438772579976423,NaN,NaN,0.657933224657568,9.91802137278942e-14,9.71966094533364e-12,98,primary +Demo qMRI family,-36.7018885882572
9HPT-ND,x9HPTND,T1,Classical-region,1,Age+GenderNum,independent classical available cases,79,NaN,apparent R2,0.236293605234815,NaN,NaN,0.657933224657568,0.00134446337475584,0.131757410726072,98,primary +Demo qMRI family,17.7720970779107
9HPT-ND,x9HPTND,MTR,Tract-based,0,none,independent tract available cases,128,NaN,apparent R2,0.412886922040151,NaN,NaN,0.657933224657568,2.93594868913879e-16,NaN,0,no-demo performance; outside primary p family,-32.8109285184218
9HPT-ND,x9HPTND,MTR,Classical-region,0,none,independent classical available cases,79,NaN,apparent R2,0.174923768829225,NaN,NaN,0.123284673944207,0.000125297476887578,NaN,0,no-demo performance; outside primary p family,19.8781941677876
9HPT-ND,x9HPTND,MTR,Tract-based,1,Age+GenderNum,independent tract available cases,128,NaN,apparent R2,0.432403688914292,NaN,NaN,0.657933224657568,4.09532119256634e-13,4.01341476871501e-11,98,primary +Demo qMRI family,-33.1382235232293
9HPT-ND,x9HPTND,MTR,Classical-region,1,Age+GenderNum,independent classical available cases,79,NaN,apparent R2,0.269091629106753,NaN,NaN,0.123284673944207,0.000232128101480648,0.0227485539451035,98,primary +Demo qMRI family,14.3043675104187
9HPT-ND,x9HPTND,FA,Tract-based,0,none,independent tract available cases,130,NaN,apparent R2,0.421021009179901,NaN,NaN,0.28480358684358,6.93863519315922e-17,NaN,0,no-demo performance; outside primary p family,-36.6536905426071
9HPT-ND,x9HPTND,FA,Classical-region,0,none,independent classical available cases,78,NaN,apparent R2,0.0329763155109842,NaN,NaN,43.2876128108306,0.11157355904432,NaN,0,no-demo performance; outside primary p family,31.0644447825217
9HPT-ND,x9HPTND,FA,Tract-based,1,Age+GenderNum,independent tract available cases,130,NaN,apparent R2,0.461199558548614,NaN,NaN,0.28480358684358,7.34732494602242e-15,7.20037844710197e-13,98,primary +Demo qMRI family,-42.0034111527989
9HPT-ND,x9HPTND,FA,Classical-region,1,Age+GenderNum,independent classical available cases,78,NaN,apparent R2,0.150814782669515,NaN,NaN,43.2876128108306,0.11124234996172,1,98,primary +Demo qMRI family,24.9286828356761
9HPT-ND,x9HPTND,MD,Tract-based,0,none,independent tract available cases,130,NaN,apparent R2,0.42625486276384,NaN,NaN,0.497702356433211,3.85728429035884e-17,NaN,0,no-demo performance; outside primary p family,-37.8342082831407
9HPT-ND,x9HPTND,MD,Classical-region,0,none,independent classical available cases,78,NaN,apparent R2,0.187063752335475,NaN,NaN,0.869749002617783,7.66825385709564e-05,NaN,0,no-demo performance; outside primary p family,17.5259615707512
9HPT-ND,x9HPTND,MD,Tract-based,1,Age+GenderNum,independent tract available cases,130,NaN,apparent R2,0.460137638207453,NaN,NaN,0.497702356433211,8.33041119536832e-15,8.16380297146096e-13,98,primary +Demo qMRI family,-41.7474466594745
9HPT-ND,x9HPTND,MD,Classical-region,1,Age+GenderNum,independent classical available cases,78,NaN,apparent R2,0.23535849279118,NaN,NaN,0.869749002617783,0.00137027250282186,0.134286705276542,98,primary +Demo qMRI family,16.7488059912015
9HPT-ND,x9HPTND,NDI,Tract-based,0,none,independent tract available cases,130,NaN,apparent R2,0.468997094133756,NaN,NaN,0.162975083462064,2.59656090616293e-19,NaN,0,no-demo performance; outside primary p family,-47.8985212776361
9HPT-ND,x9HPTND,NDI,Classical-region,0,none,independent classical available cases,78,NaN,apparent R2,0.242097308227419,NaN,NaN,0.00247707635599171,4.75809122243576e-06,NaN,0,no-demo performance; outside primary p family,12.0583419157276
9HPT-ND,x9HPTND,NDI,Tract-based,1,Age+GenderNum,independent tract available cases,130,NaN,apparent R2,0.501473424963791,NaN,NaN,0.162975083462064,5.20829138225914e-17,5.10412555461396e-15,98,primary +Demo qMRI family,-52.1028987166488
9HPT-ND,x9HPTND,NDI,Classical-region,1,Age+GenderNum,independent classical available cases,78,NaN,apparent R2,0.317652648675258,NaN,NaN,0.00247707635599171,1.59809951650766e-05,0.0015661375261775,98,primary +Demo qMRI family,7.86708132256601
9HPT-ND,x9HPTND,ODI,Tract-based,0,none,independent tract available cases,130,NaN,apparent R2,0.364546966608797,NaN,NaN,0.162975083462064,2.87282022854566e-14,NaN,0,no-demo performance; outside primary p family,-24.5543316738714
9HPT-ND,x9HPTND,ODI,Classical-region,0,none,independent classical available cases,78,NaN,apparent R2,0.121632360099536,NaN,NaN,0.215443469003188,0.00175223741849456,NaN,0,no-demo performance; outside primary p family,23.5641396859526
9HPT-ND,x9HPTND,ODI,Tract-based,1,Age+GenderNum,independent tract available cases,130,NaN,apparent R2,0.41440602814228,NaN,NaN,0.162975083462064,1.50040366167254e-12,1.47039558843909e-10,98,primary +Demo qMRI family,-31.1768285318995
9HPT-ND,x9HPTND,ODI,Classical-region,1,Age+GenderNum,independent classical available cases,78,NaN,apparent R2,0.229726909947004,NaN,NaN,0.215443469003188,0.00183673112741166,0.179999650486343,98,primary +Demo qMRI family,17.3211706474363
9HPT-ND,x9HPTND,FWF,Tract-based,0,none,independent tract available cases,130,NaN,apparent R2,0.393715125022062,NaN,NaN,0.215443469003188,1.36837178984064e-15,NaN,0,no-demo performance; outside primary p family,-30.6627998310753
9HPT-ND,x9HPTND,FWF,Classical-region,0,none,independent classical available cases,78,NaN,apparent R2,0.17270611892065,NaN,NaN,0.657933224657568,0.000154524766053804,NaN,0,no-demo performance; outside primary p family,18.8915309394592
9HPT-ND,x9HPTND,FWF,Tract-based,1,Age+GenderNum,independent tract available cases,130,NaN,apparent R2,0.409383886388032,NaN,NaN,0.215443469003188,2.59131298817461e-12,2.53948672841112e-10,98,primary +Demo qMRI family,-30.0666826426886
9HPT-ND,x9HPTND,FWF,Classical-region,1,Age+GenderNum,independent classical available cases,78,NaN,apparent R2,0.198362947556852,NaN,NaN,0.657933224657568,0.00925961403284133,0.907442175218451,98,primary +Demo qMRI family,20.4342160109442
SDMT,SDMTcorrect,T1,Tract-based,0,none,independent tract available cases,131,NaN,apparent R2,0.404639446996034,NaN,NaN,0.497702356433211,3.24214955601589e-16,NaN,0,no-demo performance; outside primary p family,986.585253637105
SDMT,SDMTcorrect,T1,Classical-region,0,none,independent classical available cases,80,NaN,apparent R2,0.1979394964347,NaN,NaN,0.657933224657568,3.55248720355184e-05,NaN,0,no-demo performance; outside primary p family,625.947808999422
SDMT,SDMTcorrect,T1,Tract-based,1,Age+GenderNum,independent tract available cases,131,NaN,apparent R2,0.498505643633122,NaN,NaN,0.497702356433211,1.69361032649238e-12,1.65973811996254e-10,98,primary +Demo qMRI family,968.108949646706
SDMT,SDMTcorrect,T1,Classical-region,1,Age+GenderNum,independent classical available cases,80,NaN,apparent R2,0.297629104173095,NaN,NaN,0.657933224657568,0.00547169460076558,0.536226070875027,98,primary +Demo qMRI family,619.330013820286
SDMT,SDMTcorrect,MTR,Tract-based,0,none,independent tract available cases,129,NaN,apparent R2,0.410720725010081,NaN,NaN,0.497702356433211,2.83856731044179e-16,NaN,0,no-demo performance; outside primary p family,970.806920506991
SDMT,SDMTcorrect,MTR,Classical-region,0,none,independent classical available cases,80,NaN,apparent R2,0.11756068378465,NaN,NaN,0.657933224657568,0.00184929974071959,NaN,0,no-demo performance; outside primary p family,633.588287165206
SDMT,SDMTcorrect,MTR,Tract-based,1,Age+GenderNum,independent tract available cases,129,NaN,apparent R2,0.480124875222763,NaN,NaN,0.497702356433211,5.59839977522646e-11,5.48643177972193e-09,98,primary +Demo qMRI family,958.641726133972
SDMT,SDMTcorrect,MTR,Classical-region,1,Age+GenderNum,independent classical available cases,80,NaN,apparent R2,0.313846449420173,NaN,NaN,0.657933224657568,0.00207667341516017,0.203513994685697,98,primary +Demo qMRI family,617.461200316833
SDMT,SDMTcorrect,FA,Tract-based,0,none,independent tract available cases,131,NaN,apparent R2,0.39796453496345,NaN,NaN,0.376493580679247,6.70849235439677e-16,NaN,0,no-demo performance; outside primary p family,988.04579387746
SDMT,SDMTcorrect,FA,Classical-region,0,none,independent classical available cases,79,NaN,apparent R2,0.0347171355799397,NaN,NaN,1000000,0.100149057815493,NaN,0,no-demo performance; outside primary p family,632.895956969162
SDMT,SDMTcorrect,FA,Tract-based,1,Age+GenderNum,independent tract available cases,131,NaN,apparent R2,0.490731496426145,NaN,NaN,0.376493580679247,4.56893986743974e-12,4.47756107009094e-10,98,primary +Demo qMRI family,970.12412730572
SDMT,SDMTcorrect,FA,Classical-region,1,Age+GenderNum,independent classical available cases,79,NaN,apparent R2,0.26086142618412,NaN,NaN,1000000,0.0489520706202638,1,98,primary +Demo qMRI family,615.808031656127
SDMT,SDMTcorrect,MD,Tract-based,0,none,independent tract available cases,131,NaN,apparent R2,0.389221838434919,NaN,NaN,0.657933224657568,1.71843565978351e-15,NaN,0,no-demo performance; outside primary p family,989.934481568207
SDMT,SDMTcorrect,MD,Classical-region,0,none,independent classical available cases,79,NaN,apparent R2,0.232402994820278,NaN,NaN,0.657933224657568,6.8421754416252e-06,NaN,0,no-demo performance; outside primary p family,614.792607724739
SDMT,SDMTcorrect,MD,Tract-based,1,Age+GenderNum,independent tract available cases,131,NaN,apparent R2,0.472292524036573,NaN,NaN,0.657933224657568,4.54601036618201e-11,4.45509015885837e-09,98,primary +Demo qMRI family,974.783367361683
SDMT,SDMTcorrect,MD,Classical-region,1,Age+GenderNum,independent classical available cases,79,NaN,apparent R2,0.343966681518823,NaN,NaN,0.657933224657568,0.000353315408846847,0.034624910066991,98,primary +Demo qMRI family,606.385398243997
SDMT,SDMTcorrect,NDI,Tract-based,0,none,independent tract available cases,131,NaN,apparent R2,0.445637838369967,NaN,NaN,0.215443469003188,3.10431938624622e-18,NaN,0,no-demo performance; outside primary p family,977.238534776502
SDMT,SDMTcorrect,NDI,Classical-region,0,none,independent classical available cases,79,NaN,apparent R2,0.163468547594589,NaN,NaN,0.869749002617783,0.000219516211676293,NaN,0,no-demo performance; outside primary p family,621.586549038655
SDMT,SDMTcorrect,NDI,Tract-based,1,Age+GenderNum,independent tract available cases,131,NaN,apparent R2,0.52727493917723,NaN,NaN,0.215443469003188,3.76874983053551e-14,3.6933748339248e-12,98,primary +Demo qMRI family,960.36967910241
SDMT,SDMTcorrect,NDI,Classical-region,1,Age+GenderNum,independent classical available cases,79,NaN,apparent R2,0.328577658298926,NaN,NaN,0.869749002617783,0.000893380563212456,0.0875512951948207,98,primary +Demo qMRI family,608.21715404256
SDMT,SDMTcorrect,ODI,Tract-based,0,none,independent tract available cases,131,NaN,apparent R2,0.366228623475728,NaN,NaN,0.28480358684358,1.91875545835803e-14,NaN,0,no-demo performance; outside primary p family,994.775516570949
SDMT,SDMTcorrect,ODI,Classical-region,0,none,independent classical available cases,79,NaN,apparent R2,0.0949736885175572,NaN,NaN,1.51991108295293,0.00572587828651312,NaN,0,no-demo performance; outside primary p family,627.803840902609
SDMT,SDMTcorrect,ODI,Tract-based,1,Age+GenderNum,independent tract available cases,131,NaN,apparent R2,0.457975120932446,NaN,NaN,0.28480358684358,2.57061697537099e-10,2.51920463586357e-08,98,primary +Demo qMRI family,978.290210551543
SDMT,SDMTcorrect,ODI,Classical-region,1,Age+GenderNum,independent classical available cases,79,NaN,apparent R2,0.303833596623745,NaN,NaN,1.51991108295293,0.0038785656688016,0.380099435542557,98,primary +Demo qMRI family,611.076192228697
SDMT,SDMTcorrect,FWF,Tract-based,0,none,independent tract available cases,131,NaN,apparent R2,0.380590344337991,NaN,NaN,0.162975083462064,4.29451217885394e-15,NaN,0,no-demo performance; outside primary p family,991.772809450486
SDMT,SDMTcorrect,FWF,Classical-region,0,none,independent classical available cases,79,NaN,apparent R2,0.145902337950061,NaN,NaN,0.497702356433211,0.000513473287549821,NaN,0,no-demo performance; outside primary p family,623.228281684436
SDMT,SDMTcorrect,FWF,Tract-based,1,Age+GenderNum,independent tract available cases,131,NaN,apparent R2,0.439654380003375,NaN,NaN,0.162975083462064,2.22000611883141e-09,2.17560599645479e-07,98,primary +Demo qMRI family,982.644895415879
SDMT,SDMTcorrect,FWF,Classical-region,1,Age+GenderNum,independent classical available cases,79,NaN,apparent R2,0.246831159882177,NaN,NaN,0.497702356433211,0.11559596663785,1,98,primary +Demo qMRI family,617.293548228705
MSFC-SDMT,MSFC_SDMT,T1,Tract-based,0,none,independent tract available cases,126,NaN,apparent R2,0.390965891615025,NaN,NaN,1.14975699539774,5.0216802710127e-15,NaN,0,no-demo performance; outside primary p family,240.241715304465
MSFC-SDMT,MSFC_SDMT,T1,Classical-region,0,none,independent classical available cases,75,NaN,apparent R2,0.217705012438307,NaN,NaN,0.497702356433211,2.44947897320153e-05,NaN,0,no-demo performance; outside primary p family,171.226604280185
MSFC-SDMT,MSFC_SDMT,T1,Tract-based,1,Age+GenderNum,independent tract available cases,126,NaN,apparent R2,0.460800775327565,NaN,NaN,1.14975699539774,4.32496824353079e-12,4.23846887866018e-10,98,primary +Demo qMRI family,228.896282194446
MSFC-SDMT,MSFC_SDMT,T1,Classical-region,1,Age+GenderNum,independent classical available cases,75,NaN,apparent R2,0.273047872589173,NaN,NaN,0.497702356433211,0.00206444485155204,0.2023155954521,98,primary +Demo qMRI family,169.723759367743
MSFC-SDMT,MSFC_SDMT,MTR,Tract-based,0,none,independent tract available cases,124,NaN,apparent R2,0.436893488663288,NaN,NaN,0.657933224657568,6.59631672434687e-17,NaN,0,no-demo performance; outside primary p family,227.938026109387
MSFC-SDMT,MSFC_SDMT,MTR,Classical-region,0,none,independent classical available cases,75,NaN,apparent R2,0.146676729365298,NaN,NaN,0.215443469003188,0.000695572252538351,NaN,0,no-demo performance; outside primary p family,177.744596666444
MSFC-SDMT,MSFC_SDMT,MTR,Tract-based,1,Age+GenderNum,independent tract available cases,124,NaN,apparent R2,0.472999608215998,NaN,NaN,0.657933224657568,2.20849510868337e-12,2.16432520650971e-10,98,primary +Demo qMRI family,223.720855662377
MSFC-SDMT,MSFC_SDMT,MTR,Classical-region,1,Age+GenderNum,independent classical available cases,75,NaN,apparent R2,0.278727338416935,NaN,NaN,0.215443469003188,0.0015281185855436,0.149755621383273,98,primary +Demo qMRI family,169.135505218212
MSFC-SDMT,MSFC_SDMT,FA,Tract-based,0,none,independent tract available cases,126,NaN,apparent R2,0.415469866812884,NaN,NaN,0.215443469003188,3.82286423010576e-16,NaN,0,no-demo performance; outside primary p family,235.067406867749
MSFC-SDMT,MSFC_SDMT,FA,Classical-region,0,none,independent classical available cases,74,NaN,apparent R2,0.0235067405752601,NaN,NaN,1000000,0.192174695903853,NaN,0,no-demo performance; outside primary p family,184.623754597702
MSFC-SDMT,MSFC_SDMT,FA,Tract-based,1,Age+GenderNum,independent tract available cases,126,NaN,apparent R2,0.470219971836989,NaN,NaN,0.215443469003188,1.45130018119791e-12,1.42227417757395e-10,98,primary +Demo qMRI family,226.675753641442
MSFC-SDMT,MSFC_SDMT,FA,Classical-region,1,Age+GenderNum,independent classical available cases,74,NaN,apparent R2,0.194179564689052,NaN,NaN,1000000,0.138794406935597,1,98,primary +Demo qMRI family,174.407842903263
MSFC-SDMT,MSFC_SDMT,MD,Tract-based,0,none,independent tract available cases,126,NaN,apparent R2,0.437765435386495,NaN,NaN,1.14975699539774,3.34425449990718e-17,NaN,0,no-demo performance; outside primary p family,230.167368197743
MSFC-SDMT,MSFC_SDMT,MD,Classical-region,0,none,independent classical available cases,74,NaN,apparent R2,0.180650327039121,NaN,NaN,0.869749002617783,0.000160233427276094,NaN,0,no-demo performance; outside primary p family,171.639943727268
MSFC-SDMT,MSFC_SDMT,MD,Tract-based,1,Age+GenderNum,independent tract available cases,126,NaN,apparent R2,0.487106124759687,NaN,NaN,1.14975699539774,1.95442955527923e-13,1.91534096417365e-11,98,primary +Demo qMRI family,222.594244927969
MSFC-SDMT,MSFC_SDMT,MD,Classical-region,1,Age+GenderNum,independent classical available cases,74,NaN,apparent R2,0.271414200852777,NaN,NaN,0.869749002617783,0.00242723053838878,0.237868592762101,98,primary +Demo qMRI family,166.951933022439
MSFC-SDMT,MSFC_SDMT,NDI,Tract-based,0,none,independent tract available cases,126,NaN,apparent R2,0.477830509275505,NaN,NaN,0.215443469003188,3.27596816755257e-19,NaN,0,no-demo performance; outside primary p family,220.852577850346
MSFC-SDMT,MSFC_SDMT,NDI,Classical-region,0,none,independent classical available cases,74,NaN,apparent R2,0.163804436344106,NaN,NaN,0.0533669923120631,0.000348015789086095,NaN,0,no-demo performance; outside primary p family,173.145959884946
MSFC-SDMT,MSFC_SDMT,NDI,Tract-based,1,Age+GenderNum,independent tract available cases,126,NaN,apparent R2,0.52812814777059,NaN,NaN,0.215443469003188,1.13442440410276e-15,1.1117359160207e-13,98,primary +Demo qMRI family,212.090695463719
MSFC-SDMT,MSFC_SDMT,NDI,Classical-region,1,Age+GenderNum,independent classical available cases,74,NaN,apparent R2,0.283942293676462,NaN,NaN,0.0533669923120631,0.00125992096187989,0.123472254264229,98,primary +Demo qMRI family,165.668430058683
MSFC-SDMT,MSFC_SDMT,ODI,Tract-based,0,none,independent tract available cases,126,NaN,apparent R2,0.328090897708282,NaN,NaN,0.28480358684358,2.41441566632312e-12,NaN,0,no-demo performance; outside primary p family,252.621063296226
MSFC-SDMT,MSFC_SDMT,ODI,Classical-region,0,none,independent classical available cases,74,NaN,apparent R2,0.0524036180167706,NaN,NaN,6.13590727341317,0.0497810473593084,NaN,0,no-demo performance; outside primary p family,182.400854292827
MSFC-SDMT,MSFC_SDMT,ODI,Tract-based,1,Age+GenderNum,independent tract available cases,126,NaN,apparent R2,0.403085353445774,NaN,NaN,0.28480358684358,2.40663053743214e-09,2.35849792668349e-07,98,primary +Demo qMRI family,241.709097567894
MSFC-SDMT,MSFC_SDMT,ODI,Classical-region,1,Age+GenderNum,independent classical available cases,74,NaN,apparent R2,0.221985762937981,NaN,NaN,6.13590727341317,0.0313800283784014,1,98,primary +Demo qMRI family,171.809250827212
MSFC-SDMT,MSFC_SDMT,FWF,Tract-based,0,none,independent tract available cases,126,NaN,apparent R2,0.447825138398322,NaN,NaN,0.215443469003188,1.07993632209923e-17,NaN,0,no-demo performance; outside primary p family,227.892518434942
MSFC-SDMT,MSFC_SDMT,FWF,Classical-region,0,none,independent classical available cases,74,NaN,apparent R2,0.0935919170983862,NaN,NaN,1.51991108295293,0.00803091139273226,NaN,0,no-demo performance; outside primary p family,179.112366299927
MSFC-SDMT,MSFC_SDMT,FWF,Tract-based,1,Age+GenderNum,independent tract available cases,126,NaN,apparent R2,0.474659053869458,NaN,NaN,0.215443469003188,8.61912577184134e-13,8.44674325640452e-11,98,primary +Demo qMRI family,225.615538462649
MSFC-SDMT,MSFC_SDMT,FWF,Classical-region,1,Age+GenderNum,independent classical available cases,74,NaN,apparent R2,0.180399079259839,NaN,NaN,1.51991108295293,0.31425030454622,1,98,primary +Demo qMRI family,175.662631825231
