Metric,MetricOrder,Model,ModelOrder,Adjusted,N,CanonicalN,PositiveN,CanonicalPositiveN,SubjectIDSetSHA256,ApparentAUCPoint,CanonicalReportedAUC_LegacyBootstrapMean,ReproducedAUC_LegacyBootstrapMean,CanonicalLegacyCI_Lower,ReproducedLegacyCI_Lower,CanonicalLegacyCI_Upper,ReproducedLegacyCI_Upper,NewStratifiedCI_Lower,NewStratifiedCI_Upper,CanonicalLambda,ReproducedLambda,CanonicalRawP,ReproducedRawP,CanonicalAIC,ReproducedAIC,NMatch,PositiveNMatch,AUCMatch,LegacyCIMatch,LambdaMatch,RawPMatch,AICMatch,Pass,NegativeN
T1,1,Tract-based,1,0,80,80,39,39,29b34611ecebe2f5e28613f90b3248d73624825a1971d10b914d5c63fbcf90c1,0.961225766103815,0.961516180631781,0.961516180631781,0.910798337306681,0.910798337306681,1,1,0.910569105691057,1,0.00471486636345739,0.00471486636345739,2.77513511692668e-05,2.77513511692668e-05,46.3834346630876,46.3834346630876,1,1,1,1,1,1,1,1,41
T1,1,Classical-region,2,0,80,80,39,39,29b34611ecebe2f5e28613f90b3248d73624825a1971d10b914d5c63fbcf90c1,0.850531582238899,0.850263252331214,0.850263252331214,0.756181612568005,0.756181612568005,0.931054061653166,0.931054061653166,0.75140712945591,0.928705440900563,1e-06,1e-06,1.31047824886285e-05,1.31047824886285e-05,81.350070183682,81.350070183682,1,1,1,1,1,1,1,1,41
T1,1,Tract-based,1,1,80,80,39,39,29b34611ecebe2f5e28613f90b3248d73624825a1971d10b914d5c63fbcf90c1,0.956222639149468,0.956405425616208,0.956405425616208,0.904040404040404,0.904040404040404,0.998749218261413,0.998749218261413,0.902751719824891,0.99812382739212,0.00471486636345739,0.00471486636345739,0.000185556657183721,0.000185556657183721,47.8343319346459,47.8343319346459,1,1,1,1,1,1,1,1,41
T1,1,Classical-region,2,1,80,80,39,39,29b34611ecebe2f5e28613f90b3248d73624825a1971d10b914d5c63fbcf90c1,0.884928080050031,0.884683059267956,0.884683059267956,0.802822434983524,0.802822434983524,0.956945317410434,0.956945317410434,0.792995622263915,0.955284552845528,1e-06,1e-06,0.00030541434569327,0.00030541434569327,79.8684222124682,79.8684222124682,1,1,1,1,1,1,1,1,41
MTR,2,Tract-based,1,0,80,80,39,39,29b34611ecebe2f5e28613f90b3248d73624825a1971d10b914d5c63fbcf90c1,0.90556597873671,0.905912918037955,0.905912918037955,0.834635709818637,0.834635709818637,0.963113469355847,0.963113469355847,0.83270794246404,0.966854283927455,0.0449843266896945,0.0449843266896945,1.74510592749925e-06,1.74510592749925e-06,63.9932905732981,63.9932905732981,1,1,1,1,1,1,1,1,41
MTR,2,Classical-region,2,0,80,80,39,39,29b34611ecebe2f5e28613f90b3248d73624825a1971d10b914d5c63fbcf90c1,0.731081926203877,0.731868209132624,0.731868209132624,0.613220175491618,0.613220175491618,0.840525328330206,0.840525328330206,0.611944965603502,0.843339587242026,1.32571136559011,1.32571136559011,0.00108105614892308,0.00108105614892308,100.953920764049,100.953920764049,1,1,1,1,1,1,1,1,41
MTR,2,Tract-based,1,1,80,80,39,39,29b34611ecebe2f5e28613f90b3248d73624825a1971d10b914d5c63fbcf90c1,0.918073796122577,0.918531821507023,0.918531821507023,0.85250543252819,0.85250543252819,0.971354166666667,0.971354166666667,0.849906191369606,0.973420888055034,0.0449843266896945,0.0449843266896945,2.95784127875618e-05,2.95784127875618e-05,66.3092580881504,66.3092580881504,1,1,1,1,1,1,1,1,41
MTR,2,Classical-region,2,1,80,80,39,39,29b34611ecebe2f5e28613f90b3248d73624825a1971d10b914d5c63fbcf90c1,0.870544090056285,0.871089955347286,0.871089955347286,0.787134502923977,0.787134502923977,0.941041691852031,0.941041691852031,0.780800500312695,0.942776735459662,1.32571136559011,1.32571136559011,0.000516764488918594,0.000516764488918594,81.9324628019554,81.9324628019554,1,1,1,1,1,1,1,1,41
FA,3,Tract-based,1,0,79,79,39,39,25bd4f09525df2d10ad809b0d139f1b83ba897def66ff3036aa6420156e40615,0.896794871794872,0.897390035912638,0.897390035912638,0.822539346957952,0.822539346957952,0.959032634032634,0.959032634032634,0.826282051282051,0.961217948717949,0.0449843266896945,0.0449843266896945,5.0284578255999e-06,5.0284578255999e-06,67.2153080168377,67.2153080168377,1,1,1,1,1,1,1,1,40
FA,3,Classical-region,2,0,79,79,39,39,25bd4f09525df2d10ad809b0d139f1b83ba897def66ff3036aa6420156e40615,0.578846153846154,0.577593454058939,0.577593454058939,0.439830550586365,0.439830550586365,0.706808731808732,0.706808731808732,0.444551282051282,0.70224358974359,12.648552168553,12.648552168553,0.217871856166643,0.217871856166643,111.914106151832,111.914106151832,1,1,1,1,1,1,1,1,40
FA,3,Tract-based,1,1,79,79,39,39,25bd4f09525df2d10ad809b0d139f1b83ba897def66ff3036aa6420156e40615,0.933974358974359,0.934508443467759,0.934508443467759,0.876059959729315,0.876059959729315,0.978149064156766,0.978149064156766,0.876282051282051,0.978846153846154,0.0449843266896945,0.0449843266896945,4.70783104524891e-05,4.70783104524891e-05,60.8061601574565,60.8061601574565,1,1,1,1,1,1,1,1,40
FA,3,Classical-region,2,1,79,79,39,39,25bd4f09525df2d10ad809b0d139f1b83ba897def66ff3036aa6420156e40615,0.786538461538462,0.786182746623747,0.786182746623747,0.679075738125802,0.679075738125802,0.88123428858723,0.88123428858723,0.679807692307692,0.878525641025641,12.648552168553,12.648552168553,0.180540038274665,0.180540038274665,95.9324939303615,95.9324939303615,1,1,1,1,1,1,1,1,40
MD,4,Tract-based,1,0,79,79,39,39,25bd4f09525df2d10ad809b0d139f1b83ba897def66ff3036aa6420156e40615,0.900641025641026,0.901647760204029,0.901647760204029,0.826470588235294,0.826470588235294,0.962635552852944,0.962635552852944,0.826923076923077,0.962820512820513,0.00471486636345739,0.00471486636345739,2.88226076313367e-06,2.88226076313367e-06,66.3998210741304,66.3998210741304,1,1,1,1,1,1,1,1,40
MD,4,Classical-region,2,0,79,79,39,39,25bd4f09525df2d10ad809b0d139f1b83ba897def66ff3036aa6420156e40615,0.86025641025641,0.86067690235909,0.86067690235909,0.770756050167815,0.770756050167815,0.936319296645384,0.936319296645384,0.772115384615385,0.937820512820513,1e-06,1e-06,8.38717758563922e-05,8.38717758563922e-05,81.1577240155581,81.1577240155581,1,1,1,1,1,1,1,1,40
MD,4,Tract-based,1,1,79,79,39,39,25bd4f09525df2d10ad809b0d139f1b83ba897def66ff3036aa6420156e40615,0.921794871794872,0.922562325050625,0.922562325050625,0.859113113330439,0.859113113330439,0.973096695858844,0.973096695858844,0.86025641025641,0.970512820512821,0.00471486636345739,0.00471486636345739,9.13795796914098e-05,9.13795796914098e-05,67.1085693317886,67.1085693317886,1,1,1,1,1,1,1,1,40
MD,4,Classical-region,2,1,79,79,39,39,25bd4f09525df2d10ad809b0d139f1b83ba897def66ff3036aa6420156e40615,0.896794871794872,0.89724973231387,0.89724973231387,0.821727874053455,0.821727874053455,0.959432934292623,0.959432934292623,0.824038461538461,0.962820512820513,1e-06,1e-06,0.000752106794458203,0.000752106794458203,76.1885333800861,76.1885333800861,1,1,1,1,1,1,1,1,40
NDI,5,Tract-based,1,0,79,79,39,39,25bd4f09525df2d10ad809b0d139f1b83ba897def66ff3036aa6420156e40615,0.958974358974359,0.959255137889923,0.959255137889923,0.915294343543869,0.915294343543869,0.988989563408168,0.988989563408168,0.917307692307692,0.989102564102564,0.000868511373751353,0.000868511373751353,1.28925798063121e-05,1.28925798063121e-05,44.026564096192,44.026564096192,1,1,1,1,1,1,1,1,40
NDI,5,Classical-region,2,0,79,79,39,39,25bd4f09525df2d10ad809b0d139f1b83ba897def66ff3036aa6420156e40615,0.865384615384615,0.865274402828618,0.865274402828618,0.771726348196936,0.771726348196936,0.940476545418406,0.940476545418406,0.779166666666667,0.943589743589744,0.0145634847750124,0.0145634847750124,2.07563896462451e-05,2.07563896462451e-05,79.4173581330991,79.4173581330991,1,1,1,1,1,1,1,1,40
NDI,5,Tract-based,1,1,79,79,39,39,25bd4f09525df2d10ad809b0d139f1b83ba897def66ff3036aa6420156e40615,0.969871794871795,0.970330903280072,0.970330903280072,0.935599078341014,0.935599078341014,0.992921492921493,0.992921492921493,0.93525641025641,0.992948717948718,0.000868511373751353,0.000868511373751353,9.27733454944947e-05,9.27733454944947e-05,47.2187661088121,47.2187661088121,1,1,1,1,1,1,1,1,40
NDI,5,Classical-region,2,1,79,79,39,39,25bd4f09525df2d10ad809b0d139f1b83ba897def66ff3036aa6420156e40615,0.899358974358974,0.899389067715601,0.899389067715601,0.829284683975872,0.829284683975872,0.959459459459459,0.959459459459459,0.82724358974359,0.957692307692308,0.0145634847750124,0.0145634847750124,0.000113536200849748,0.000113536200849748,72.2780616267254,72.2780616267254,1,1,1,1,1,1,1,1,40
ODI,6,Tract-based,1,0,79,79,39,39,25bd4f09525df2d10ad809b0d139f1b83ba897def66ff3036aa6420156e40615,0.911538461538462,0.911782880695164,0.911782880695164,0.835595776772247,0.835595776772247,0.971291208791209,0.971291208791209,0.842307692307692,0.973076923076923,0.00268269579527973,0.00268269579527973,1.1507999986084e-05,1.1507999986084e-05,67.2950578397383,67.2950578397383,1,1,1,1,1,1,1,1,40
ODI,6,Classical-region,2,0,79,79,39,39,25bd4f09525df2d10ad809b0d139f1b83ba897def66ff3036aa6420156e40615,0.637820512820513,0.636786301962363,0.636786301962363,0.509365859365859,0.509365859365859,0.757875429486683,0.757875429486683,0.512179487179487,0.757051282051282,1.32571136559011,1.32571136559011,0.0274801997868031,0.0274801997868031,108.054070522008,108.054070522008,1,1,1,1,1,1,1,1,40
ODI,6,Tract-based,1,1,79,79,39,39,25bd4f09525df2d10ad809b0d139f1b83ba897def66ff3036aa6420156e40615,0.927564102564103,0.927789606889862,0.927789606889862,0.859649589540894,0.859649589540894,0.97987012987013,0.97987012987013,0.865384615384615,0.980769230769231,0.00268269579527973,0.00268269579527973,9.54633493859882e-05,9.54633493859882e-05,65.265127250596,65.265127250596,1,1,1,1,1,1,1,1,40
ODI,6,Classical-region,2,1,79,79,39,39,25bd4f09525df2d10ad809b0d139f1b83ba897def66ff3036aa6420156e40615,0.803846153846154,0.803839350397459,0.803839350397459,0.700258397932817,0.700258397932817,0.894465894465895,0.894465894465895,0.699038461538461,0.892948717948718,1.32571136559011,1.32571136559011,0.0294201769292427,0.0294201769292427,92.4228313733451,92.4228313733451,1,1,1,1,1,1,1,1,40
FWF,7,Tract-based,1,0,79,79,39,39,25bd4f09525df2d10ad809b0d139f1b83ba897def66ff3036aa6420156e40615,0.859615384615385,0.860229840868061,0.860229840868061,0.773827059465357,0.773827059465357,0.934168646668647,0.934168646668647,0.775641025641026,0.932692307692308,0.079060432109077,0.079060432109077,1.13328404904579e-05,1.13328404904579e-05,75.1373151065485,75.1373151065485,1,1,1,1,1,1,1,1,40
FWF,7,Classical-region,2,0,79,79,39,39,25bd4f09525df2d10ad809b0d139f1b83ba897def66ff3036aa6420156e40615,0.721153846153846,0.721029253437655,0.721029253437655,0.60570318217377,0.60570318217377,0.830077677903765,0.830077677903765,0.598076923076923,0.827884615384615,0.138949549437314,0.138949549437314,0.00177713207438236,0.00177713207438236,101.376094612193,101.376094612193,1,1,1,1,1,1,1,1,40
FWF,7,Tract-based,1,1,79,79,39,39,25bd4f09525df2d10ad809b0d139f1b83ba897def66ff3036aa6420156e40615,0.891025641025641,0.891331835605145,0.891331835605145,0.816332544220863,0.816332544220863,0.953367562669888,0.953367562669888,0.815384615384615,0.95448717948718,0.079060432109077,0.079060432109077,0.000669591464675579,0.000669591464675579,76.0343189835599,76.0343189835599,1,1,1,1,1,1,1,1,40
FWF,7,Classical-region,2,1,79,79,39,39,25bd4f09525df2d10ad809b0d139f1b83ba897def66ff3036aa6420156e40615,0.799358974358974,0.799873412691654,0.799873412691654,0.692156862745098,0.692156862745098,0.888995726495726,0.888995726495726,0.697115384615385,0.887179487179487,0.138949549437314,0.138949549437314,0.163121669410255,0.163121669410255,95.8532493309749,95.8532493309749,1,1,1,1,1,1,1,1,40
