Parameter,Healthy Controls,RRMS,PPMS,SPMS
N (% Female),43 (65%),49 (76%),17 (59%),23 (65%)
Age,35.60 ± 10.83,35.65 ± 10.25,47.88 ± 7.01,48.87 ± 12.50
Disease duration (years),-,9.17 ± 7.48,7.53 ± 5.26,17.22 ± 8.37
EDSS,-,1.5 [1.0-2.0],4.0 [2.5-5.0],5.5 [4.5-6.0]
Therapy: 1st line,-,29 (59.2%),2 (11.8%),10 (43.5%)
Therapy: 2nd line,-,15 (30.6%),7 (41.2%),6 (26.1%)
T25FW (s),5.63 ± 0.52,6.23 ± 1.01,9.76 ± 3.57,13.95 ± 9.94
9HPT-D (s),18.47 ± 2.31,19.81 ± 2.65,24.12 ± 4.51,28.61 ± 9.37
9HPT-ND (s),20.00 ± 2.87,21.56 ± 3.89,27.39 ± 5.58,35.39 ± 14.16
SDMT correct responses,60.56 ± 10.38,55.27 ± 11.78,45.71 ± 9.32,37.04 ± 8.19
MSFC-SDMT (z),0.76 ± 0.43 (n=43),0.46 ± 0.51 (n=49),-0.29 ± 0.37 (n=16),-0.95 ± 0.82 (n=19)
MSPro,-,1.0 [1.0-1.0],3.0 [2.0-3.0],3.0 [2.0-3.0]
