Outcome,MRI Metric,Model,N,Apparent performance,AIC,p (raw)
EDSS,T1,Whole brain,80 (39),AUC 0.573 (0.447-0.697),112.74,0.1585
EDSS,MTR,Whole brain,80 (39),AUC 0.667 (0.539-0.786),107.83,0.0135
EDSS,FA,Whole brain,79 (39),AUC 0.757 (0.637-0.860),99.56,0.0018
EDSS,MD,Whole brain,79 (39),AUC 0.805 (0.703-0.893),88.28,< 0.0001
MSPro,T1,Whole brain,79 (39),AUC 0.511 (0.381-0.640),113.14,0.5489
MSPro,MTR,Whole brain,79 (39),AUC 0.655 (0.529-0.772),107.31,0.0197
MSPro,FA,Whole brain,78 (39),AUC 0.637 (0.514-0.757),108.33,0.0653
MSPro,MD,Whole brain,78 (39),AUC 0.735 (0.621-0.838),98.96,0.0016
T25FW,T1,Whole brain,76,R2 0.067,83.63,0.0237
T25FW,MTR,Whole brain,76,R2 0.169,74.84,0.0002
T25FW,FA,Whole brain,75,R2 0.152,76.09,0.0005
T25FW,MD,Whole brain,75,R2 0.232,68.70,< 0.0001
9HPT-D,T1,Whole brain,79,R2 0.013,4.44,0.3193
9HPT-D,MTR,Whole brain,79,R2 0.039,2.29,0.0799
9HPT-D,FA,Whole brain,78,R2 0.107,-4.61,0.0035
9HPT-D,MD,Whole brain,78,R2 0.090,-3.18,0.0076
9HPT-ND,T1,Whole brain,79,R2 0.088,27.82,0.0081
9HPT-ND,MTR,Whole brain,79,R2 0.151,22.13,0.0004
9HPT-ND,FA,Whole brain,78,R2 0.231,13.20,< 0.0001
9HPT-ND,MD,Whole brain,78,R2 0.321,3.51,< 0.0001
